source,domain,title,published_at,url,matched_keywords,body,collection_route,review_status,saudi_summary_ar,topic,sentiment,author
Lowy Institute,lowyinstitute.org,How great power rivalry returned to the Indian Ocean and the stakes for Australia,2026-07-18T14:00:00+00:00,https://www.lowyinstitute.org/publications/how-great-power-rivalry-returned-to-the-indian-ocean-and-the-stakes-for-australia,Saudi,"Subscribe to The Informer for monthly expert analysis, and to Events for advance notice of visiting world leaders and distinguished guests.
You may unsubscribe from Lowy Institute newsletters at any time. For information on our privacy practices and how to unsubscribe, see our Privacy Policy.
The Iran war has turned the Indian Ocean into a volatile new strategic theatre. Australia is well placed to shape its post-war order, but only if it updates strategic guidance, reinvigorates regional institutions, and deepens ties with Japan, India, and France.
19 July 202615 min read
ResearchHow great power rivalry returned to the Indian Ocean and the stakes for Australia
How great power rivalry returned to the Indian Ocean and the stakes for Australia
- The Iran war and intensifying great power competition have transformed the Indian Ocean from a strategic backwater into one of the most volatile maritime theatres of the decade.
- Australia is unusually well positioned to shape the post-war Indian Ocean order: it has the region’s largest exclusive economic zone, strong relationships with regional powers, and a moment of genuine institutional opportunity as the region is reordered.
- Updating strategic guidance to include the Northwestern Indian Ocean, reinvigorating regional institutions, and deepening cooperation with Japan, France, and India will ensure Canberra shapes rather than inherits the post-war settlement.
For decades, Australia’s strategic policy has focused on the Pacific and Southeast Asia — a natural orientation given its geography and the historic absence of threats from the Indian Ocean. However, great power competition has now returned to the Ocean’s littoral states. The Iran war has closed the Strait of Hormuz, and the resulting disruption to global trade routes is affecting Australian economic security and the credibility of its main ally in real time. Unlike the latent threat of conflict in the Western Pacific, the consequences of the Iran war are immediate and measurable. Yet Australia’s strategic guidance still treats the Indian Ocean as secondary and the Northwestern Indian Ocean as beyond the scope of its engagement.
This Policy Brief makes three interlocking recommendations that recognise Australia’s limitations and prioritise what is realistic in a deteriorating security environment. First, Australia should update its strategic policy to include the Northwestern Indian Ocean as an area for Defence engagement, opening greater collaboration with littoral states. Second, it should use the opportunities created by the Iran war and Red Sea crisis to reinvigorate the institutions that exist to engage with Indian Ocean partners. Third, it should deepen cooperation with friendly states active in the region, such as Japan, India, and France — the three powers best placed to work with Australia on preserving a stable and open Indian Ocean before Beijing fills the vacuum left by a distracted United States.
The Indian Ocean has historically been a secondary concern for Australia, behind the Pacific — despite the reality that Australia is a heavyweight in the Indian Ocean as one of the five G20 states that border the Ocean. Australia has the largest exclusive economic zone (EEZ) of any Indian Ocean state. However, the powerful British presence in the Indian Ocean from pre-Federation to 1971 allowed Australia to rely on London to maintain stability in the region.
This presence was unchallenged for much of the early 20th century to the extent that the Indian Ocean was perceived as a “British Lake”. British dominance was only threatened briefly by the Japanese in 1942 and it was decolonisation, rather than external threats, that led to the Royal Navy’s gradual departure in the decades after the Second World War. The British withdrawal barely changed Australia’s strategic focus at all; the Royal Navy’s friendly presence was simply replaced by another ally, the United States.
American dominance of the Indian Ocean was robust during the remainder of the Cold War, despite Soviet interests in the region growing in the 1970s and 1980s. In a 2009 interview, Kim Beazley — defence minister from 1984 to 1990, who worked to raise the profile of the Indian Ocean in Australia’s strategic imagination — noted that during the Cold War it was “a sideline in superpower competition, a backwater”.
The notion of the Indian Ocean as a relatively secure theatre has been reflected in Australian Defence white papers, which have looked to Australia’s North and East as the most likely areas from which a threat would emerge. For example, the post-Cold War 1994 Defence White Paper scarcely mentioned the Indian Ocean and saw developments in Asia and the Pacific as most relevant to Australian security.
Even when Australia has deployed forces to the region, as it did during the global war on terrorism, its presence in the Middle East was framed primarily as alliance support for the United States, rather than as advancing its own interests in the Indian Ocean.
Strategic guidance papers began to consider the Indian Ocean more seriously in the 2010s, with the 2013 Defence White Paper introducing the Indo-Pacific concept into the Australian strategic policy lexicon, reinforced by the 2016 Defence White Paper. However, these white papers defined the Indo-Pacific as only encompassing the Northeastern Indian Ocean, and their emphasis remained on the Pacific.
In recent history, the 2024 National Defence Strategy gave the Indian Ocean only limited consideration. It recorded that “Defence must focus its international engagement on maintaining regional stability in the Pacific, Southeast Asia and the Northeast Indian Ocean.” This was reinforced in the 2026 National Defence Strategy, which preserved the same language but added the need to build collective maritime domain awareness. Confining Australian engagement to the Northeastern Indian Ocean reflects the constraints Australia faces as a middle power. These stem from its vast terrestrial and maritime territories and the reality that the security situation in other consequential theatres, such as Southeast Asia, East Asia, and the Pacific, is deteriorating. Yet recent events in the Red Sea and Persian Gulf demonstrate that the Northern Indian Ocean intimately affects Australian economic security.
The Indian Ocean is an artery of the global economy. The rise of China and other Asian countries since the late 1970s has shifted the global economic balance of power towards the Indian Ocean region — the vital conduit for trade between Europe, the Middle East, and Asia. This is especially true of the Northern Indian Ocean.
Unlike trade across the more open Pacific or Atlantic, Indian Ocean trade is concentrated through the chokepoints of the Strait of Hormuz, Bab-el-Mandeb, Suez Canal, and Strait of Malacca. The Carnegie Endowment for International Peace recorded in 2023 that more than one-third of the world’s bulk cargo and two-thirds of its oil shipments transit the Indian Ocean. In terms of crude oil and petroleum liquids, the US Energy Information Administration recorded in the first half of 2025 that the Strait of Malacca and the Strait of Hormuz each transited more than 20 million barrels per day, making them by far the most globally strategic chokepoints.
The scale of East-West trade across the Indian Ocean is only accelerating. Between 2014 and 2024, the European Union’s goods imports from China rose 102 per cent, and its exports 47 per cent. New economic relationships are being forged in the Indian Ocean in response to conflicts elsewhere. European economies, for example, are turning to the Gulf states for energy as they reduce their reliance on Russian fuels. Whether these plans survive current conflicts remains to be seen.
The Indian Ocean’s role as a global trade conduit could expand further with improvements to governance and infrastructure, issues that currently limit economic growth and foreign direct investment. African ports that could benefit from commercial vessels transiting the Cape of Good Hope, for instance, have struggled to manage the additional maritime traffic.
Beyond shipping lanes, the states adjacent to the Indian Ocean are rapidly gaining economic weight as the region becomes wealthier. In addition to Australia, the G20 economies of South Africa, Saudi Arabia, Indonesia, and India are deeply linked to the region, as are the quickly growing Gulf Cooperation Council (GCC) members, which together constitute a Brazil-sized economy. India, the largest Indian Ocean economy, surpassed Japan’s GDP in 2025 and is forecast to surpass Germany’s by the late 2020s. Even historically underdeveloped parts of the littoral, such as East Africa, have recently become the continent’s fastest-growing sub-region, driven by better infrastructure and governance. Future growth potential remains high, underpinned by the young populations of many regional economies.
Yet the Indian Ocean’s economic potential is constrained by non-traditional security threats. The Ocean is warming faster than any other, increasing the frequency of climate shocks and undermining the long-term sustainability of fisheries already strained by illegal, unregulated, and unreported fishing. These pressures disproportionately affect the smaller island economies of the Southwestern Indian Ocean. Overcoming these challenges will accelerate the economy of the Indian Ocean.
China has been gradually increasing its presence in the Indian Ocean, as have Australia’s Quadrilateral Security Dialogue (Quad) partners Japan and India. The United States, although deeply involved, has given the region a lower strategic priority than other sub-regions in the Indo-Pacific in the past few years. These great powers have been simultaneously increasing their military and economic presence in the region while strengthening ties and cooperation with Indian Ocean littoral states.
Although the Indian Ocean is only a secondary maritime theatre for Beijing, China has become a dominant player there. It relies on the Ocean’s sea lines for vital imports, has deep trade relations with every littoral state, and maintains a widespread maritime presence. Its intentions in the region remain ambiguous, but it holds significant leverage over many of the Indian Ocean states. Since 2008, it has deployed warships to the Gulf of Aden to counter piracy, and in 2017 it built its first overseas military base, in Djibouti, to support those operations. That base has since become the centre of China’s Indian Ocean activity and anchors a continuous military presence in the Western Indian Ocean. It has also invested heavily in ports in Pakistan, Egypt, Sri Lanka, Malaysia, the United Arab Emirates, and Singapore.
Partly to balance Beijing, Tokyo has likewise demonstrated increased interest in the Indian Ocean. It maintains a long-term security base in Djibouti to counter piracy, and approximately half of Japanese official development assistance goes to Indian Ocean states. Japan has cooperated with France and India to restructure Sri Lankan debt and committed more than US$400 million to the Madagascan Port of Toamasina expansion project through the Japan International Cooperation Agency.
India, the eponym of the Ocean, is a growing presence in the region beyond its coastlines. Its 2025 Mutual and Holistic Advancement for Security and Growth Across Regions (MAHASAGAR) doctrine articulates India’s economic and security ambitions. It signals the country’s willingness to counter Chinese influence beyond its surrounding territories. New Delhi has also secured access to facilities and built maritime-security partnerships across the Indian Ocean, including with Oman, Iran, the United Arab Emirates, Australia, Indonesia, Mauritius, Seychelles, and Madagascar. Yet India’s traditional role of counterbalancing Chinese influence in the region is in flux, with relations between New Delhi and Washington deteriorating since 2025.
Australia’s most powerful ally, the United States, is globally engaged but has not prioritised the Indian Ocean until recently. The Department of War’s January 2026 National Defense Strategy ranked the Western Hemisphere as the country’s primary focus, with a secondary focus on deterring China through “a strong denial defense along the First Island Chain” in the Pacific.
However, preparations for the joint US–Israeli strikes against Iran in February 2026 brought an unprecedented concentration of US assets to the Indian Ocean. The war triggered a cascade of Iranian reprisals across the Gulf and the closure of the Strait of Hormuz. Disruption to the global economy has been immense, and there remains little sign of a clear resolution.
The conflict has destabilised the balance of power in the region and beyond. The depletion of US weapons for its Iran operation has been felt in other theatres, with American arms sales to Taiwan, for example, now paused. The repercussions for Australia and its Asian partners have been severe, with public opinion of Washington in Southeast Asia souring as the economic and social costs of fuel shortages bite.
The unpredictability of the United States and the uncertain trajectory of the Iran war necessitate greater Australian attention to Indian Ocean security that can be scaled to the duration and severity of the ongoing crises. Current Australian strategic guidance aligns the primary area of military interest with the focus of Defence’s international engagement — both centred on the Pacific, Southeast Asia, and the Northeastern Indian Ocean. This Policy Brief recommends widening the focus of Defence’s international engagement to include more Indian Ocean-adjacent states.
The Northern Indian Ocean is a single, continuous maritime theatre. Although each sub-region faces unique challenges, the 2026 Iran war has shown that disruptions at the western edge of its trade corridors threaten Australian and regional economic security just as much as they would in the Northeastern Indian Ocean. Indeed, Australia has already de facto recognised this by aiding in the defence of the GCC states. Responding to a call for help from the Emirati government, Australia deployed an E-7A Wedgetail — an advanced early-warning aircraft — and 85 personnel to the Persian Gulf to intercept Iranian missiles.
Programs that specify a geographic limit, such as Indo-Pacific Endeavour — Australia’s flagship regional defence engagement activity, currently confined to Southeast Asia and the Northeastern Indian Ocean — would benefit from bringing in Northwestern Indian Ocean states. This would formalise existing relationships and connect these states to Australia’s security partner network. Indo-Pacific Endeavour offers Australian capabilities across areas such as maritime security, logistics planning, disaster relief, cultural exchange, and cyber resilience. Northwestern Indian Ocean states share Australia’s enduring interests in freedom of navigation and would stand to gain from greater access to Australian expertise. Updating strategic guidance to reflect this reality is a logical step that would make cooperation with Gulf states enduring rather than temporary. This is a modest change that avoids the strain of ongoing deployments while ensuring long-standing relationships are not neglected.
Australia has deep experience to offer Indian Ocean states and shared interests with its Indian Ocean neighbours. However, the region is institutionally disunited and in the midst of its greatest security upheaval since the Second World War. Pan-regional organisations such as the Indian Ocean Rim Association (IORA), for example, suffer from a low profile, structural under-resourcing, and a membership that includes some of the world’s poorest and most war-torn states such as Somalia and Yemen. It is also missing a number of the powerhouse regional states, including Saudi Arabia and Pakistan, and wealthy Gulf states Qatar, Kuwait, and Bahrain.
Exacerbating these problems is tension within the bloc itself: Iran, an IORA member, recently attacked fellow member the United Arab Emirates in response to joint US–Israeli strikes. While complicating the effective functioning of IORA, crises such as these also bring opportunity. IORA’s charter promotes trade, sustainable growth, investment, and economic cooperation, though how much can be achieved in the war’s wake remains to be seen. If IORA can increase its effectiveness in line with its Vision 2030 goals, Australia should work with like-minded members to push for freedom of navigation and to tackle shared threats such as illegal fishing and marine pollution, and to build disaster resilience.
However, given the considerable and growing problems faced by IORA, Australia should look to deprioritise engagement with it and seek alternatives. These include the Indian Ocean Commission (IOC) — a much smaller grouping of Comoros, Madagascar, Mauritius, France (Réunion), and Seychelles. The Commission acts in favour of security, especially food and maritime security, as well as international peace and stability.
The IOC has recently admitted China, India, Japan, and South Korea as observers. Japan has used this status to advance its “Free and Open Indo-Pacific” vision and to strengthen maritime security in the Western Indian Ocean. Australia should seek observer status to promote openness and is well placed to assist IOC states given the strong parallels between their climate and non-traditional security challenges and those of Australia’s Pacific neighbours.
Aside from working with international institutions and cooperating with the Northwestern Indian Ocean states, Australia should also deepen its collaboration with like-minded influential states, especially Japan, India, and France. A stronger Australian naval presence in the Indian Ocean, already guaranteed by massive investment in the HMAS Stirling naval base in Western Australia and plans for the basing of rotational forces there for AUKUS operations, will ensure Australia has a seat at the table of any regional contingency. The Quad grouping, by contrast, may be of limited value. It lacks cohesion due to a more unilateralist foreign policy from the United States, and its future is unclear. However, Canberra’s interests continue to align closely with Japan and India, as well as with France, each of which offers distinct but complementary value in the Indian Ocean.
Japan and Australia are well positioned to work in tandem on promoting freedom of navigation and mutual economic benefit in the Indian Ocean. Minister for Defence Richard Marles pronounced in April 2026: “I can’t think of another country in the world with which we are more strategically aligned than Japan.” Japan also offers Australia a way to increase its hard power in the region, as demonstrated by the recent purchase of frigates from Japan that will, over time, serve to build Western Australia’s defence industrial base. Cooperation on missiles and drone production with Tokyo and keeping up momentum with ever deeper defence industrial cooperation will benefit Australia regardless of political winds in the Indian Ocean region.
Beyond Japan, France and India have natural synergies with Australia. France’s bases in the Western Indian Ocean, India’s central position, and Australia’s in the east could extend all three countries’ coverage if they agreed to share facilities. This would aid maritime surveillance and be a strong signal of trilateral cooperation. Deepening bilateral ties with Paris and New Delhi, and reviving the dormant France–Australia–India trilateral when conditions allow, would be prudent while Indian Ocean security commands global attention. Pursuing greater cooperation with Japan, France, and India alongside stronger regional institutions and IOC observer status will position Australia to shape the post-Iran war Indian Ocean security architecture.
The Iran war has forced the Indian Ocean onto the world’s agenda. Disrupted trade routes, an unprecedented concentration of great power assets, and the fragility of existing institutions have created a moment of genuine strategic opportunity for Canberra. The three recommendations in this Brief — updating strategic guidance, reinvigorating regional institutions, and deepening cooperation with Japan, France, and India — are modest in cost and recognise that Canberra must keep devoting the bulk of its resources to the regions closest to home. Nonetheless, after a century of relying on others to secure the Indian Ocean, Australia now has the geography, the alliances, and the credibility to chart its own course.
About the author
Alexander Lee
Dr Alexander Lee is a Visiting Fellow at the Strategic and Defence Studies Centre at the Australian National University, where he researches Australian strategic policy and is currently leading a Strategic Policy Division grant on Indian Ocean security.",https://www.lowyinstitute.org/publications/rss.xml,pending,,,,
Pew Research Center,pewresearch.org,"How global energy production is changing, in 6 charts",2026-07-20T15:50:16+00:00,https://www.pewresearch.org/short-reads/2026/07/20/how-global-energy-production-is-changing-in-6-charts/,Saudi,"The world is using more electricity than ever, but where this energy comes from is changing. Renewable sources like wind and solar power are growing rapidly, especially in certain parts of the world.
Here’s a closer look at long-term trends in global energy production, based on a Pew Research Center analysis of data from Ember, an independent think tank focusing on global energy trends.
Most electricity still comes from burning fossil fuels. But a growing share comes from wind and solar power. Worldwide, 57% of all electricity generated in 2025 came from burning coal, gas or other fossil fuels, down from 65% in 2000.
| Year | Coal (%) | Gas | Nuclear | Solar | Wind | Hydropower | Bioenergy | Other fossil | Other renewables | 
|---|---|---|---|---|---|---|---|---|---|
| 2000 | 38.02 | 17.97 | 16.63 | 0.01 | 0.2 | 17.21 | 1.01 | 8.67 | 0.29 | 
| 2001 | 38 | 18.8 | 16.86 | 0.01 | 0.25 | 16.54 | 0.96 | 8.29 | 0.28 | 
| 2002 | 38.28 | 19.34 | 16.54 | 0.01 | 0.33 | 16.27 | 1.01 | 7.92 | 0.29 | 
| 2003 | 39.54 | 19.58 | 15.64 | 0.01 | 0.38 | 15.71 | 1.06 | 7.8 | 0.28 | 
| 2004 | 39.03 | 20.12 | 15.62 | 0.02 | 0.49 | 16.09 | 1.1 | 7.26 | 0.28 | 
| 2005 | 39.52 | 20.3 | 15.04 | 0.02 | 0.58 | 16.06 | 1.17 | 7.05 | 0.27 | 
| 2006 | 40.17 | 20.7 | 14.66 | 0.03 | 0.71 | 16.02 | 1.2 | 6.24 | 0.27 | 
| 2007 | 40.84 | 21.4 | 13.71 | 0.04 | 0.87 | 15.54 | 1.26 | 6.07 | 0.27 | 
| 2008 | 40.16 | 21.69 | 13.4 | 0.06 | 1.1 | 16.14 | 1.33 | 5.83 | 0.28 | 
| 2009 | 39.87 | 21.97 | 13.32 | 0.1 | 1.39 | 16.25 | 1.44 | 5.37 | 0.29 | 
| 2010 | 39.78 | 22.61 | 12.82 | 0.15 | 1.63 | 16.12 | 1.54 | 5.07 | 0.28 | 
| 2011 | 40.56 | 22.15 | 11.88 | 0.29 | 2 | 15.88 | 1.57 | 5.4 | 0.28 | 
| 2012 | 39.8 | 22.92 | 10.8 | 0.43 | 2.35 | 16.26 | 1.66 | 5.5 | 0.28 | 
| 2013 | 40.7 | 21.85 | 10.57 | 0.57 | 2.74 | 16.37 | 1.76 | 5.17 | 0.28 | 
| 2014 | 40.44 | 21.96 | 10.52 | 0.83 | 2.97 | 16.3 | 1.86 | 4.82 | 0.29 | 
| 2015 | 38.68 | 23.08 | 10.55 | 1.07 | 3.46 | 16.17 | 1.97 | 4.72 | 0.3 | 
| 2016 | 37.77 | 23.69 | 10.41 | 1.33 | 3.89 | 16.26 | 1.95 | 4.39 | 0.31 | 
| 2017 | 37.95 | 23.48 | 10.2 | 1.75 | 4.48 | 15.94 | 1.99 | 3.91 | 0.31 | 
| 2018 | 37.91 | 23.52 | 10.05 | 2.17 | 4.79 | 15.78 | 2.03 | 3.43 | 0.31 | 
| 2019 | 36.62 | 23.86 | 10.26 | 2.6 | 5.3 | 15.76 | 2.11 | 3.19 | 0.31 | 
| 2020 | 35.32 | 23.89 | 9.91 | 3.19 | 5.96 | 16.27 | 2.25 | 2.88 | 0.32 | 
| 2021 | 35.96 | 23.22 | 9.78 | 3.73 | 6.57 | 15.18 | 2.32 | 2.94 | 0.31 | 
| 2022 | 35.43 | 22.93 | 9.13 | 4.61 | 7.29 | 14.97 | 2.31 | 3.02 | 0.3 | 
| 2023 | 35.05 | 22.59 | 9.09 | 5.61 | 7.82 | 14.31 | 2.3 | 2.91 | 0.3 | 
| 2024 | 34.1 | 22.25 | 8.98 | 6.93 | 8.11 | 14.35 | 2.27 | 2.71 | 0.29 | 
| 2025 | 33.06 | 21.73 | 8.85 | 8.76 | 8.55 | 13.97 | 2.22 | 2.58 | 0.28 | 
Coal in particular has seen a decline over the past decade: In 2025, a third of all global electricity came from burning coal, down from a peak of 41% in 2013.
By contrast, wind and solar power account for a rising share of global electricity generation. These two sources together accounted for 17% of all global electricity in 2025, compared with less than 5% in 2015.
In 2025, renewable sources – wind, solar, bioenergy, hydropower, geothermal, tidal and wave – accounted for a slightly larger share of global electricity production than coal for the first time (34% vs. 33%).
Nuclear energy, meanwhile, has declined as a source of electricity, falling from 17% of global generation in 2000 to 9% in 2025.
It’s important to note that global electricity demand has increased sharply in recent decades. As a result, the use of certain energy sources has increased in absolute terms, even as those sources have decreased as a share of total electricity production. Hydropower, for example, is producing a far greater volume of electricity today than in 2000, even though it has declined as a share of all electricity.
Related: Americans’ Shifting Views on Energy Issues
Solar power has grown especially rapidly in recent years. In 2025, 9% of the world’s electricity came from solar power. That was up from 3% in 2020 and just 0.01% at the turn of the century.
One reason for this increase is that solar panels have become far more affordable over the last 50 years. The price of a single panel has fallen by more than 99%, from an average of $128 in 1975 to just $0.26 in 2024, the most recent year with available data.
| Year | Solar panel price | Global solar electricity generation | 
|---|---|---|
| 1975 | 128.27 | |
| 1976 | 96.51 | |
| 1977 | 70.41 | |
| 1978 | 49.81 | |
| 1979 | 41.86 | |
| 1980 | 35.47 | |
| 1981 | 28.36 | |
| 1982 | 25.48 | |
| 1983 | 20.57 | |
| 1984 | 19.11 | |
| 1985 | 16.69 | |
| 1986 | 13.80 | |
| 1987 | 11.73 | |
| 1988 | 10.96 | |
| 1989 | 11.33 | |
| 1990 | 11.72 | |
| 1991 | 10.85 | |
| 1992 | 10.11 | |
| 1993 | 9.46 | |
| 1994 | 8.95 | |
| 1995 | 8.27 | |
| 1996 | 7.73 | |
| 1997 | 7.71 | |
| 1998 | 6.94 | |
| 1999 | 6.41 | |
| 2000 | 6.29 | 1.02 | 
| 2001 | 6.09 | 1.36 | 
| 2002 | 5.57 | 1.72 | 
| 2003 | 5.29 | 2.11 | 
| 2004 | 4.56 | 2.78 | 
| 2005 | 4.60 | 3.95 | 
| 2006 | 5.02 | 5.42 | 
| 2007 | 5.06 | 7.29 | 
| 2008 | 4.61 | 11.85 | 
| 2009 | 3.08 | 19.82 | 
| 2010 | 2.44 | 32.21 | 
| 2011 | 2.00 | 63.56 | 
| 2012 | 1.08 | 96.92 | 
| 2013 | 0.83 | 131.75 | 
| 2014 | 0.77 | 197.74 | 
| 2015 | 0.72 | 256.01 | 
| 2016 | 0.66 | 327.47 | 
| 2017 | 0.56 | 444.65 | 
| 2018 | 0.50 | 575.16 | 
| 2019 | 0.45 | 697.94 | 
| 2020 | 0.36 | 853.39 | 
| 2021 | 0.32 | 1053.99 | 
| 2022 | 0.36 | 1333.12 | 
| 2023 | 0.31 | 1664.16 | 
| 2024 | 0.26 | 2142.91 | 
| 2025 | 2778.6 | 
In the European Union and elsewhere, renewables are now the biggest source of electricity. In 2025, nearly half of all electricity in the EU (48%) came from renewables, while 29% came from fossil fuels and 23% came from nuclear power.
| Year | World Fossil (%) | World Nuclear | World Renewables | U.S. Fossil | U.S. Nuclear | U.S. Renewables | China Fossil | China Nuclear | China Renewables | EU Fossil | EU Nuclear | EU Renewables | Japan Fossil | Japan Nuclear | Japan Renewables | Brazil Fossil | Brazil Nuclear | Brazil Renewables | Australia Fossil | Australia Nuclear | Australia Renewables | India Fossil | India Nuclear | India Renewables | South Africa Fossil | South Africa Nuclear | South Africa Renewables | Canada Fossil | Canada Nuclear | Canada Renewables | Saudi Arabia Fossil | Saudi Arabia Nuclear | Saudi Arabia Renewables | South Korea Fossil | South Korea Nuclear | South Korea Renewables | Indonesia Fossil | Indonesia Nuclear | Indonesia Renewables | Nigeria Fossil | Nigeria Nuclear | Nigeria Renewables | Pakistan Fossil | Pakistan Nuclear | Pakistan Renewables | 
|---|---|---|---|---|---|---|---|---|---|---|---|---|---|---|---|---|---|---|---|---|---|---|---|---|---|---|---|---|---|---|---|---|---|---|---|---|---|---|---|---|---|---|---|---|---|
| 2000 | 64.66 | 16.63 | 18.72 | 70.95 | 19.83 | 9.23 | 82.13 | 1.23 | 16.64 | 51.69 | 32.8 | 15.51 | 61.79 | 29.02 | 9.18 | 8.78 | 1.73 | 89.49 | 91.91 | 0 | 8.09 | 83.18 | 2.76 | 14.05 | 93.07 | 6.18 | 0.75 | 27.42 | 11.97 | 60.6 | 100 | 0 | 0 | 61.06 | 37.51 | 1.42 | 80.01 | 0 | 20 | 61.74 | 0 | 38.27 | 73.58 | 0.57 | 25.85 | 
| 2001 | 65.09 | 16.86 | 18.04 | 71.87 | 20.63 | 7.5 | 79.86 | 1.18 | 18.96 | 50.9 | 32.94 | 16.17 | 61.32 | 29.59 | 9.08 | 11.36 | 4.35 | 84.29 | 92.3 | 0 | 7.7 | 83.77 | 3.22 | 13 | 93.88 | 5.1 | 1.02 | 28.94 | 12.96 | 58.11 | 100 | 0 | 0 | 63.03 | 36.18 | 0.78 | 79.1 | 0 | 20.89 | 61.73 | 0 | 38.26 | 70.99 | 2.75 | 26.27 | 
| 2002 | 65.54 | 16.54 | 17.91 | 70.97 | 20.29 | 8.75 | 80.86 | 1.52 | 17.61 | 52.53 | 33.15 | 14.32 | 62.56 | 28.49 | 8.95 | 10.26 | 4 | 85.74 | 91.97 | 0 | 8.04 | 84.88 | 3.17 | 11.93 | 93.4 | 5.44 | 1.16 | 27.52 | 12.5 | 59.98 | 100 | 0 | 0 | 63.09 | 35.87 | 1.02 | 81.42 | 0 | 18.58 | 61.76 | 0 | 38.24 | 68.13 | 2.38 | 29.5 | 
| 2003 | 66.92 | 15.64 | 17.44 | 71.24 | 19.74 | 9.03 | 82.7 | 2.27 | 15.03 | 53.4 | 32.4 | 14.19 | 68.68 | 21.06 | 10.27 | 9.17 | 3.67 | 87.17 | 91.74 | 0 | 8.26 | 85.46 | 2.84 | 11.69 | 94.05 | 5.4 | 0.54 | 28.49 | 12.64 | 58.86 | 100 | 0 | 0 | 61.25 | 37.29 | 1.47 | 83.12 | 0 | 16.88 | 63.07 | 0 | 36.93 | 63.51 | 2.21 | 34.28 | 
| 2004 | 66.41 | 15.62 | 17.98 | 71.32 | 19.95 | 8.73 | 81.48 | 2.29 | 16.22 | 52.27 | 32.38 | 15.35 | 64.48 | 25.5 | 10.03 | 10.97 | 3 | 86.04 | 91.55 | 0 | 8.45 | 81.32 | 3.04 | 15.63 | 93.98 | 5.47 | 0.56 | 26.67 | 15 | 58.34 | 100 | 0 | 0 | 63.22 | 35.52 | 1.26 | 83.2 | 0 | 16.81 | 66.57 | 0 | 33.43 | 66.5 | 2.25 | 31.26 | 
| 2005 | 66.87 | 15.04 | 18.1 | 71.88 | 19.38 | 8.75 | 81.71 | 2.12 | 16.17 | 52.86 | 31.76 | 15.36 | 65.67 | 25.41 | 8.92 | 10.43 | 2.44 | 87.12 | 91.02 | 0 | 8.97 | 82.23 | 2.52 | 15.25 | 94.66 | 4.61 | 0.73 | 25.2 | 14.73 | 60.06 | 100 | 0 | 0 | 61.27 | 37.69 | 1.04 | 82.95 | 0 | 17.05 | 66.96 | 0 | 33.03 | 63.77 | 2.55 | 33.7 | 
| 2006 | 67.11 | 14.66 | 18.23 | 71.13 | 19.45 | 9.43 | 82.49 | 1.91 | 15.59 | 52.88 | 31.18 | 15.94 | 64.03 | 26.13 | 9.83 | 9.97 | 3.28 | 86.76 | 91.12 | 0 | 8.88 | 80.49 | 2.37 | 17.13 | 94.73 | 3.95 | 1.31 | 24.13 | 15.99 | 59.88 | 100 | 0 | 0 | 62.1 | 36.91 | 0.99 | 84.65 | 0 | 15.35 | 72.88 | 0 | 27.12 | 64.27 | 2.56 | 33.17 | 
| 2007 | 68.31 | 13.71 | 17.98 | 72.14 | 19.47 | 8.39 | 82.85 | 1.89 | 15.26 | 53.57 | 29.59 | 16.83 | 67.73 | 23.64 | 8.62 | 8.99 | 2.77 | 88.23 | 91.65 | 0 | 8.35 | 79.96 | 2.24 | 17.81 | 94.43 | 4.3 | 1.26 | 25.5 | 14.64 | 59.86 | 100 | 0 | 0 | 65.35 | 33.6 | 1.05 | 83.63 | 0 | 16.37 | 72.86 | 0 | 27.14 | 66.44 | 2.4 | 31.16 | 
| 2008 | 67.68 | 13.4 | 18.91 | 71.2 | 19.63 | 9.18 | 79.02 | 1.96 | 19.02 | 51.85 | 29.89 | 18.27 | 70.11 | 21.27 | 8.62 | 12.66 | 3.02 | 84.31 | 92.21 | 0 | 7.8 | 81.39 | 1.84 | 16.77 | 94.28 | 5.03 | 0.69 | 23.69 | 15.01 | 61.31 | 100 | 0 | 0 | 64.89 | 34.11 | 1 | 83.11 | 0 | 16.9 | 72.87 | 0 | 27.13 | 66.89 | 1.87 | 31.25 | 
| 2009 | 67.21 | 13.32 | 19.47 | 69.18 | 20.28 | 10.54 | 80.23 | 1.89 | 17.88 | 50.29 | 29.37 | 20.34 | 66.61 | 24.65 | 8.73 | 8.17 | 2.78 | 89.05 | 91.93 | 0 | 8.08 | 82.92 | 1.91 | 15.16 | 94.08 | 5.13 | 0.78 | 22.81 | 14.57 | 62.62 | 100 | 0 | 0 | 66.32 | 32.66 | 1.02 | 83.56 | 0 | 16.45 | 77.06 | 0 | 22.94 | 66.97 | 2.75 | 30.28 | 
| 2010 | 67.46 | 12.82 | 19.72 | 70.06 | 19.62 | 10.31 | 79.54 | 1.78 | 18.69 | 48.83 | 29.01 | 22.16 | 64.49 | 25.29 | 10.23 | 12.38 | 2.82 | 84.8 | 91.17 | 0 | 8.83 | 82.41 | 2.46 | 15.11 | 94.18 | 5.21 | 0.61 | 24.1 | 14.83 | 61.07 | 100 | 0 | 0 | 68.83 | 30.02 | 1.15 | 80.5 | 0 | 19.5 | 75.58 | 0 | 24.42 | 62.58 | 2.71 | 34.72 | 
| 2011 | 68.11 | 11.88 | 20.02 | 68.2 | 19.33 | 12.46 | 81.34 | 1.85 | 16.82 | 48.99 | 28.8 | 22.21 | 74.97 | 14.76 | 10.27 | 9.86 | 2.94 | 87.2 | 88.06 | 0 | 11.95 | 80.23 | 3.12 | 16.66 | 93.74 | 4.91 | 1.36 | 23.29 | 14.56 | 62.16 | 100 | 0 | 0 | 68.71 | 29.86 | 1.44 | 84.13 | 0 | 15.87 | 78.22 | 0 | 21.79 | 64.66 | 4.05 | 31.29 | 
| 2012 | 68.22 | 10.8 | 20.98 | 68.78 | 19.04 | 12.19 | 77.99 | 1.97 | 20.04 | 46.93 | 27.96 | 25.11 | 88.31 | 1.63 | 10.07 | 14.53 | 2.9 | 82.55 | 87.92 | 0 | 12.08 | 82.09 | 3.04 | 14.87 | 94.39 | 5.03 | 0.59 | 21.82 | 14.8 | 63.37 | 99.99 | 0 | 0.01 | 70.16 | 28.3 | 1.54 | 85.11 | 0 | 14.89 | 80.2 | 0 | 19.79 | 62.92 | 5.37 | 31.71 | 
| 2013 | 67.72 | 10.57 | 21.72 | 67.72 | 19.46 | 12.83 | 77.82 | 2.05 | 20.13 | 44.07 | 27.96 | 27.97 | 87.57 | 1.34 | 11.08 | 20.47 | 2.71 | 76.82 | 85.77 | 0 | 14.23 | 81.04 | 2.92 | 16.03 | 93.83 | 5.51 | 0.66 | 20.97 | 15.67 | 63.36 | 99.99 | 0 | 0.01 | 72.26 | 25.84 | 1.9 | 84.23 | 0 | 15.76 | 81.44 | 0 | 18.56 | 63.61 | 4.2 | 32.19 | 
| 2014 | 67.22 | 10.52 | 22.25 | 67.2 | 19.46 | 13.35 | 75.46 | 2.3 | 22.26 | 41.58 | 28.77 | 29.64 | 87.4 | 0 | 12.6 | 24.12 | 2.6 | 73.28 | 86.77 | 0 | 13.23 | 81.48 | 2.76 | 15.77 | 92.9 | 5.41 | 1.69 | 21.32 | 16.32 | 62.36 | 99.99 | 0 | 0.02 | 68.67 | 28.94 | 2.39 | 85.52 | 0 | 14.48 | 83.3 | 0 | 16.69 | 62.92 | 4.24 | 32.83 | 
| 2015 | 66.48 | 10.55 | 22.97 | 66.85 | 19.52 | 13.63 | 73.09 | 2.95 | 23.97 | 42.77 | 27.41 | 29.82 | 84.61 | 0.44 | 14.96 | 23.26 | 2.53 | 74.2 | 85.9 | 0 | 14.1 | 82.45 | 2.92 | 14.62 | 92.5 | 4.9 | 2.61 | 20.87 | 15.29 | 63.84 | 99.98 | 0 | 0.01 | 67.16 | 30.08 | 2.77 | 86.2 | 0 | 13.8 | 80.49 | 0 | 19.5 | 62.51 | 3.84 | 33.65 | 
| 2016 | 65.85 | 10.41 | 23.74 | 65.01 | 19.71 | 15.29 | 71.7 | 3.48 | 24.82 | 43.3 | 26.56 | 30.14 | 84.07 | 1.66 | 14.27 | 16.79 | 2.74 | 80.48 | 83.83 | 0 | 16.17 | 82.84 | 2.72 | 14.43 | 90.82 | 5.95 | 3.24 | 20.35 | 15.1 | 64.56 | 99.99 | 0 | 0.01 | 67.9 | 28.88 | 3.23 | 84.63 | 0 | 15.36 | 77.53 | 0 | 22.46 | 66.4 | 4.43 | 29.16 | 
| 2017 | 65.34 | 10.2 | 24.47 | 62.69 | 19.86 | 17.46 | 71.01 | 3.76 | 25.24 | 44.11 | 25.98 | 29.92 | 82.13 | 2.7 | 15.17 | 18.08 | 2.67 | 79.25 | 84.86 | 0 | 15.12 | 81.99 | 2.56 | 15.46 | 89.69 | 5.56 | 4.75 | 19.15 | 15.03 | 65.82 | 99.98 | 0 | 0.02 | 70.37 | 25.75 | 3.88 | 83.75 | 0 | 16.24 | 75.81 | 0 | 24.19 | 68.74 | 6.22 | 25.04 | 
| 2018 | 64.86 | 10.05 | 25.08 | 63.35 | 19.21 | 17.44 | 70.28 | 4.12 | 25.61 | 41.45 | 26.2 | 32.36 | 79.27 | 4.53 | 16.19 | 15.04 | 2.61 | 82.36 | 81.15 | 0 | 18.84 | 81.22 | 2.48 | 16.29 | 90.61 | 4.52 | 4.87 | 19.33 | 15.13 | 65.54 | 99.96 | 0 | 0.04 | 72.8 | 22.52 | 4.69 | 82.95 | 0 | 17.05 | 78.83 | 0 | 21.17 | 67.12 | 7.2 | 25.68 | 
| 2019 | 63.67 | 10.26 | 26.08 | 62.25 | 19.46 | 18.3 | 68.51 | 4.65 | 26.85 | 39.32 | 26.63 | 34.05 | 76.89 | 6.27 | 16.85 | 16.06 | 2.55 | 81.38 | 79.21 | 0 | 20.78 | 79.56 | 2.82 | 17.62 | 89.55 | 5.24 | 5.21 | 19.29 | 15.33 | 65.37 | 99.94 | 0 | 0.06 | 69.51 | 24.87 | 5.64 | 83.73 | 0 | 16.26 | 76.66 | 0 | 23.34 | 63.07 | 6.72 | 30.21 | 
| 2020 | 62.09 | 9.92 | 27.99 | 60.15 | 19.54 | 20.31 | 67.21 | 4.71 | 28.09 | 36.68 | 24.83 | 38.5 | 76.65 | 4.25 | 19.09 | 14.6 | 2.23 | 83.16 | 75.76 | 0 | 24.25 | 78.14 | 2.85 | 19.01 | 89.55 | 4.11 | 6.34 | 18.53 | 14.87 | 66.6 | 99.76 | 0 | 0.24 | 65.24 | 27.76 | 7 | 81.87 | 0 | 18.13 | 79.45 | 0 | 20.56 | 62.17 | 7.44 | 30.38 | 
| 2021 | 62.12 | 9.78 | 28.11 | 60.49 | 18.77 | 20.75 | 66.53 | 4.77 | 28.69 | 37.09 | 25.45 | 37.45 | 73.97 | 5.92 | 20.12 | 20.39 | 2.24 | 77.36 | 71.11 | 0 | 28.89 | 78.59 | 2.62 | 18.8 | 87.26 | 5.03 | 7.7 | 19.16 | 14.1 | 66.74 | 99.75 | 0 | 0.25 | 66.09 | 26 | 7.91 | 81.83 | 0 | 18.16 | 79.34 | 0 | 20.67 | 61.1 | 9.61 | 29.28 | 
| 2022 | 61.38 | 9.14 | 29.48 | 59.65 | 18 | 22.34 | 65.09 | 4.72 | 30.18 | 39.18 | 21.94 | 38.88 | 74.54 | 4.98 | 20.5 | 10.15 | 2.15 | 87.7 | 67.96 | 0 | 32.03 | 77.25 | 2.56 | 20.19 | 85.9 | 4.22 | 9.88 | 18.82 | 13.05 | 68.13 | 99.51 | 0 | 0.49 | 62.8 | 28.28 | 8.92 | 80.38 | 0 | 19.6 | 75.29 | 0 | 24.71 | 53.86 | 14.85 | 31.3 | 
| 2023 | 60.55 | 9.11 | 30.34 | 59.11 | 18.22 | 22.68 | 64.79 | 4.6 | 30.61 | 31.9 | 22.86 | 45.24 | 70.17 | 7.69 | 22.13 | 8.96 | 2.05 | 89 | 65.19 | 0 | 34.81 | 78.2 | 2.51 | 19.29 | 84.13 | 3.48 | 12.4 | 20.81 | 13.79 | 65.4 | 98.9 | 0 | 1.1 | 61.21 | 29.23 | 9.56 | 81.41 | 0 | 18.59 | 77.32 | 0 | 22.68 | 46.08 | 17.19 | 36.73 | 
| 2024 | 59.06 | 8.99 | 31.95 | 58.12 | 17.81 | 24.07 | 61.83 | 4.47 | 33.7 | 28.56 | 23.42 | 48.02 | 68.72 | 8.35 | 22.94 | 10.55 | 2.12 | 87.33 | 64.92 | 0 | 35.07 | 77.5 | 2.69 | 19.81 | 84.33 | 3.15 | 12.5 | 22.31 | 13.42 | 64.27 | 97.84 | 0 | 2.16 | 60.11 | 30.18 | 9.71 | 81.91 | 0 | 18.09 | 75 | 0 | 25 | 43.21 | 15.66 | 41.13 | 
| 2025 | 57.37 | 8.86 | 33.78 | 57 | 17.36 | 25.63 | 58.42 | 4.6 | 36.98 | 28.76 | 23.36 | 47.89 | 67.3 | 9.14 | 23.56 | 11.29 | 2.11 | 86.6 | 61.29 | 0 | 38.7 | 73.35 | 2.59 | 24.08 | 82.16 | 4.21 | 13.62 | 23.03 | 13.08 | 63.89 | 60.04 | 29.56 | 10.39 | 68.68 | 0 | 31.31 | 38.86 | 14.36 | 46.78 | 
In Brazil and Canada, renewables have long accounted for the majority of all electricity generated (87% and 64% in 2025), driven largely by hydropower but also the expansion of wind and solar.
China and the United States have both increased their use of renewables and decreased their reliance on fossil fuels for electricity in the last 25 years. Today, 37% of China’s electricity and 26% of U.S. electricity comes from renewable sources.
And in Pakistan – where around three-quarters of electricity came from fossil fuels in 2000 – a recent surge in solar adoption led renewable sources to overtake fossil fuels as of 2025.
Nuclear energy as a source of electricity varies considerably by country. Japan, for example, shut down most of its nuclear power plants after the Fukushima accident in 2011 but has steadily returned to this source in recent years, along with increased use of renewables.
Australia has maintained a strict ban on nuclear energy since 1998. Saudi Arabia – a major producer of oil and natural gas – also has no nuclear energy generation, and nearly all of its electricity (98%) came from fossil fuels in 2025. Saudi Arabia plans to develop a civil nuclear program under its Vision 2030 plan, which in part aims to reduce the country’s dependency on fossil fuels.
In addition to generating far more total electricity than any other country, China leads the world in solar and wind energy production. By total output in 2025, it generated more solar and wind power than the 38 nations in the Organisation for Economic Co-operation and Development combined. The U.S. led the world in nuclear and natural gas electricity generation that year.
| Year | Chinese solar generation (TWh) | Chinese wind generation (TWh) | 
|---|---|---|
| 2000 | 0.02 | 0.59 | 
| 2001 | 0.03 | 0.72 | 
| 2002 | 0.05 | 0.84 | 
| 2003 | 0.06 | 1.00 | 
| 2004 | 0.08 | 1.28 | 
| 2005 | 0.08 | 1.95 | 
| 2006 | 0.09 | 3.71 | 
| 2007 | 0.11 | 5.48 | 
| 2008 | 0.15 | 13.10 | 
| 2009 | 0.28 | 27.61 | 
| 2010 | 0.70 | 49.40 | 
| 2011 | 2.61 | 74.10 | 
| 2012 | 3.59 | 103.05 | 
| 2013 | 8.37 | 138.26 | 
| 2014 | 23.51 | 159.76 | 
| 2015 | 39.48 | 185.59 | 
| 2016 | 66.53 | 240.86 | 
| 2017 | 117.80 | 304.60 | 
| 2018 | 176.90 | 365.80 | 
| 2019 | 224.00 | 405.30 | 
| 2020 | 261.10 | 466.50 | 
| 2021 | 327.00 | 655.80 | 
| 2022 | 427.27 | 762.67 | 
| 2023 | 584.15 | 885.87 | 
| 2024 | 839.04 | 997.04 | 
| 2025 | 1174.94 | 1135.43 | 
China’s solar and wind electricity generation have surged in recent years. Each year since 2020, it has produced at least 25% more solar electricity than in the previous year. In 2025, that growth scaled up to an added 336 terawatt-hours of annual electricity production – put another way, China added more electricity from solar than the United Kingdom produced, across all sources, in 2025.
It’s a similar story with wind energy, but with more modest growth. Every year since 2020, China has produced at least 100 terawatt-hours more wind electricity than it did the prior year.
Adding its growth in hydropower, bioenergy and other renewables, China generated more than 500 terawatt-hours of renewable electricity in 2025 than it did the previous year. The same was also true in 2024.
As these sectors develop, China has become the world’s dominant manufacturer and exporter of clean-energy technologies – including solar panels, wind turbines, batteries and electric vehicles.
Related: Worldwide, a quarter of new car sales are electric vehicles or hybrids
In Africa and North America, natural gas has largely replaced coal as a source of electricity. Gas now far exceeds coal as a source on both continents. That wasn’t the case at the turn of the century.
| Year | World Coal (%) | World Gas | World Renewables | Middle East Coal | Middle East Gas | Middle East Renewables | Africa Coal | Africa Gas | Africa Renewables | North America Coal | North AmericaGas | North America Renewables | Europe Coal | Europe Gas | Europe Renewables | Latin America and the Caribbean Coal | Latin America and the Caribbean Gas | Latin America and the Caribbean Renewables | Oceania Coal | Oceania Gas | Oceania Renewables | Asia Coal | Asia Gas | Asia Renewables | 
|---|---|---|---|---|---|---|---|---|---|---|---|---|---|---|---|---|---|---|---|---|---|---|---|---|
| 2000 | 38.02 | 17.97 | 18.72 | 6.15 | 50.24 | 1.7 | 47.96 | 20.82 | 17.57 | 47.26 | 14.77 | 16.27 | 27.26 | 21.3 | 18.58 | 4.36 | 13.65 | 60.03 | 68.95 | 10.15 | 18.07 | 48.55 | 15.29 | 13.62 | 
| 2001 | 38 | 18.8 | 18.04 | 6.55 | 52.89 | 1.69 | 47.17 | 21.98 | 18.13 | 46.71 | 15.79 | 14.41 | 26.79 | 21.51 | 18.58 | 4.48 | 15.92 | 56.65 | 66.87 | 13.71 | 16.31 | 49.63 | 15.64 | 14.26 | 
| 2002 | 38.28 | 19.34 | 17.91 | 6.55 | 53.69 | 2.17 | 46.09 | 23.78 | 18.05 | 45.99 | 16.42 | 15.65 | 26.82 | 22.33 | 17.43 | 4.55 | 17.09 | 57.15 | 63.87 | 15.18 | 17.64 | 51.06 | 15.47 | 13.69 | 
| 2003 | 39.54 | 19.58 | 17.44 | 6.34 | 54.75 | 2.48 | 46.7 | 24.35 | 16.87 | 46.74 | 15.45 | 15.61 | 27.33 | 23.47 | 16.55 | 5.09 | 18.33 | 56.61 | 64.41 | 14.69 | 17.2 | 53.73 | 15.61 | 13.28 | 
| 2004 | 39.03 | 20.12 | 17.98 | 6.08 | 55.95 | 2.95 | 46.04 | 26.12 | 16.84 | 45.67 | 16.49 | 15.25 | 25.97 | 24.42 | 17.97 | 4.61 | 19.8 | 56.46 | 65.33 | 12.41 | 18.53 | 53.7 | 15.25 | 14.04 | 
| 2005 | 39.52 | 20.3 | 18.1 | 5.56 | 58.06 | 3.93 | 44.83 | 26.99 | 16.75 | 45.44 | 17.14 | 15.59 | 25.41 | 25.54 | 18.17 | 5.23 | 18.46 | 57.36 | 66.67 | 11.71 | 17.81 | 55.45 | 14.35 | 13.85 | 
| 2006 | 40.17 | 20.7 | 18.23 | 5.17 | 57.24 | 4.21 | 44.05 | 28 | 16.69 | 44.81 | 18.4 | 16.01 | 26 | 25.61 | 18.11 | 5.3 | 20.09 | 57.44 | 65.76 | 12.9 | 17.64 | 56.94 | 14.33 | 14.04 | 
| 2007 | 40.84 | 21.4 | 17.98 | 5.07 | 58.55 | 3.76 | 43.43 | 28.62 | 16.47 | 44.44 | 19.67 | 15.23 | 25.71 | 27.3 | 18.6 | 5.32 | 20.38 | 57 | 63.64 | 15.46 | 17.34 | 58.7 | 14.09 | 13.83 | 
| 2008 | 40.16 | 21.69 | 18.91 | 4.61 | 58.42 | 1.88 | 41.8 | 29.62 | 16.49 | 43.99 | 19.45 | 16.17 | 24.53 | 28.18 | 19.34 | 4.52 | 21.21 | 56.6 | 63.31 | 15.93 | 16.63 | 58.04 | 14.27 | 15.57 | 
| 2009 | 39.87 | 21.97 | 19.47 | 4.27 | 58.81 | 1.58 | 40.05 | 30.13 | 17.07 | 40.42 | 21.22 | 17.56 | 23.38 | 27.59 | 21.09 | 5.03 | 20.86 | 57.12 | 61.24 | 16.74 | 17.69 | 59.59 | 14.46 | 15.02 | 
| 2010 | 39.78 | 22.61 | 19.72 | 3.84 | 60.72 | 2.1 | 38.61 | 32.55 | 17.29 | 40.96 | 22.04 | 16.85 | 22.48 | 28.35 | 22.01 | 5.33 | 23.16 | 56.21 | 58.36 | 18.75 | 18.66 | 59.16 | 14.4 | 15.86 | 
| 2011 | 40.56 | 22.15 | 20.02 | 3.86 | 56.6 | 2 | 38.15 | 34.39 | 17.32 | 38.36 | 22.76 | 19.17 | 23.47 | 27.39 | 21.84 | 5.44 | 22.09 | 57.15 | 56.18 | 18.62 | 21.45 | 60.92 | 14.35 | 15.29 | 
| 2012 | 39.8 | 22.92 | 20.98 | 4.06 | 57.45 | 2.26 | 35.53 | 36.36 | 16.87 | 33.85 | 27.56 | 19.16 | 24.47 | 24.81 | 24.12 | 5.87 | 24.28 | 54.36 | 55.49 | 19.43 | 21.13 | 60.49 | 14.74 | 16.92 | 
| 2013 | 40.7 | 21.85 | 21.72 | 3.25 | 55.97 | 2.48 | 34.22 | 36.13 | 17.2 | 35.05 | 25.15 | 19.87 | 23.98 | 23.6 | 26.51 | 6.5 | 26.57 | 52.07 | 52.16 | 20.44 | 23.09 | 61.61 | 14.03 | 17.49 | 
| 2014 | 40.44 | 21.96 | 22.25 | 2.85 | 60.56 | 2.02 | 33.22 | 36.12 | 17.88 | 34.76 | 25.09 | 20.08 | 22.84 | 23.34 | 27.21 | 6.64 | 28.08 | 51.29 | 52.15 | 20.31 | 22.93 | 60.92 | 13.85 | 18.84 | 
| 2015 | 38.68 | 23.08 | 22.97 | 2.63 | 63.63 | 1.7 | 32.23 | 36.59 | 17.99 | 29.87 | 29.53 | 20.62 | 22.22 | 23.31 | 28.25 | 6.72 | 28.55 | 50.88 | 53.17 | 18.51 | 23.72 | 59.65 | 13.87 | 19.81 | 
| 2016 | 37.77 | 23.69 | 23.74 | 2.12 | 67.11 | 2.04 | 31.85 | 38.35 | 17.96 | 27.43 | 30.37 | 22.21 | 20.84 | 24.89 | 28.79 | 6.76 | 27.83 | 52.61 | 52.32 | 17.44 | 25.75 | 58.62 | 14.09 | 20.4 | 
| 2017 | 37.95 | 23.48 | 24.47 | 1.83 | 69.31 | 2.05 | 31.14 | 39.32 | 18.75 | 26.87 | 28.76 | 24.31 | 20.05 | 25.99 | 28.79 | 6 | 28.05 | 54.21 | 51.25 | 20.02 | 24.55 | 58.95 | 13.61 | 21.22 | 
| 2018 | 37.91 | 23.52 | 25.08 | 1.7 | 72.8 | 1.62 | 30.97 | 40.42 | 19.64 | 24.73 | 31.66 | 23.99 | 19.3 | 25 | 30.71 | 5.75 | 28.07 | 55.22 | 49.93 | 18.22 | 27.77 | 59.08 | 13.06 | 21.78 | 
| 2019 | 36.62 | 23.86 | 26.08 | 1.76 | 70.23 | 4.13 | 30.16 | 41.31 | 20.58 | 21.08 | 34.45 | 24.72 | 16.63 | 25.97 | 32.39 | 6.23 | 28.24 | 55.14 | 47.56 | 19.2 | 29.23 | 58.25 | 12.64 | 22.73 | 
| 2020 | 35.32 | 23.89 | 27.99 | 1.57 | 71.6 | 3.61 | 29.24 | 41.6 | 22.3 | 17.29 | 36.17 | 26.78 | 14.68 | 25.49 | 36.15 | 5.04 | 27.62 | 58.33 | 45.67 | 18.69 | 31.91 | 57.2 | 12.47 | 24.21 | 
| 2021 | 35.96 | 23.22 | 28.11 | 1.52 | 72.65 | 3.01 | 27.46 | 42.76 | 22.82 | 19.41 | 34.59 | 26.99 | 15.4 | 25.86 | 34.85 | 4.57 | 27.66 | 57.45 | 43.75 | 16.47 | 35.86 | 56.87 | 11.85 | 25.02 | 
| 2022 | 35.43 | 22.93 | 29.48 | 1.23 | 72.79 | 3.5 | 26.12 | 42.67 | 23.94 | 17.33 | 35.9 | 28.51 | 16.42 | 25.92 | 35.67 | 3.83 | 24.49 | 62.05 | 39.94 | 17.08 | 39.01 | 55.82 | 11.3 | 26.45 | 
| 2023 | 35.05 | 22.59 | 30.34 | 0.93 | 70.56 | 4.72 | 24.88 | 42.77 | 24.5 | 14.27 | 38.99 | 28.28 | 14.26 | 24.14 | 39.73 | 3.72 | 24.46 | 62.35 | 38.78 | 15.52 | 41.65 | 56.1 | 10.81 | 26.78 | 
| 2024 | 34.1 | 22.25 | 31.95 | 0.79 | 71.29 | 4.93 | 25.44 | 42.32 | 24.85 | 13.47 | 39.37 | 29.17 | 13.2 | 23 | 41.83 | 3.73 | 24.66 | 62.55 | 38.37 | 16.07 | 41.4 | 54.25 | 10.59 | 29.05 | 
| 2025 | 33.06 | 21.73 | 33.78 | 0.25 | 73.25 | 5.09 | 23.83 | 42.03 | 26.18 | 14.75 | 37.19 | 30.47 | 12.79 | 23.66 | 41.71 | 3.46 | 24.34 | 63.49 | 36.18 | 15.13 | 44.58 | 51.76 | 10.12 | 32.03 | 
Several African countries have recently expanded their infrastructure for fracking – a drilling technique used to extract oil and natural gas from rock – which has coincided with a steep rise in their share of total power from gas. Natural gas electricity generation in Africa rose from 92 terawatt-hours in 2000 to 419 terawatt-hours in 2025, while coal generation increased only slightly year over year.
In North America, gas production has also gone up while coal production has declined. Natural gas generated 37% of North America’s electricity in 2025, up from 15% in 2000. Coal generated 15% in 2025, down from 47% in 2000.
The Middle East has also increased its reliance on natural gas: Nearly three-quarters of the region’s electricity (73%) came from this source in 2025, up from half at the turn of the century.
In other regions, however, coal accounts for a rising share of electricity. Southeast Asia is a prime example. Countries that make up the Association of Southeast Asian Nations (ASEAN) more than doubled their collective reliance on coal electricity between 2000 and 2025 (20% vs. 45%).
Total global electricity production has more than doubled since 2000, driven in part by large increases in Asia. The world generated 108% more electricity in 2025 than in 2000.
| Region | Electricity generation in 2000 (TWh) | Electricity generation in 2025 (TWh) | Percent change | 
|---|---|---|---|
| World | 15279 | 31734 | 108 | 
| Asia | 4199 | 16703 | 298 | 
| China | 1356 | 10578 | 680 | 
| India | 571 | 2082 | 264 | 
| Japan | 1100 | 1030 | -6 | 
| ASEAN | 379 | 1370 | 262 | 
| North America | 4406 | 5173 | 17 | 
| U.S. | 3802 | 4520 | 19 | 
| Europe | 4478 | 5093 | 14 | 
| EU | 2622 | 2792 | 6 | 
| Russia | 878 | 1193 | 36 | 
| Latin America | 1008 | 1846 | 83 | 
| Brazil | 349 | 751 | 115 | 
| Middle East | 483 | 1578 | 227 | 
| Iran | 119 | 396 | 232 | 
| Africa | 441 | 998 | 126 | 
| Nigeria | 15 | 42 | 182 | 
| Oceania | 263 | 343 | 30 | 
| Australia | 217 | 287 | 32 | 
Electricity generation in Asia increased 298% in that period. Much of this growth was in China, which generated 680% more electricity in 2025 than at the turn of the century. India’s electricity generation grew 264% in that span.
In fact, Asia’s growth in electricity generation over the last 25 years accounted for 76% of the world’s demand growth. China alone accounted for more than half (56%) of global demand growth between 2000 and 2025.
Not all of Asia has grown its power capacity: Japan’s electricity generation has slowly declined since 2000. (The country had to largely replace its electricity sources after Fukushima.)",https://www.pewresearch.org/feed/,pending,,,,
Atlantic Council,atlanticcouncil.org,The Houthis just announced a blockade on Saudi Arabia. What does it mean for the global economy?,2026-07-21T00:20:11+00:00,https://www.atlanticcouncil.org/dispatches/the-houthis-just-announced-a-blockade-on-saudi-arabia-what-does-it-mean-for-the-global-economy/,Saudi | Riyadh,"WASHINGTON—This morning, the Iran-backed Houthis announced a blockade of Saudi Arabia, threatening a critical lifeline for the Gulf and global oil supplies. The announcement follows weeks of escalating rhetoric between the Houthis and Saudi Arabia, and an exchange of missiles last week that disrupted a four-year-long détente between the Yemeni group and the Saudi-led coalition and their partners in the Yemen government. Saudi Arabia is currently exporting approximately four million barrels of oil per day from the Red Sea port of Yanbu, up 400 percent from pre-Iran war levels. And the Bab el-Mandeb strait has emerged as a much-needed alternative to the Strait of Hormuz for global oil flows, with more than seven million barrels per day transiting the strait in June, up from roughly four million barrels before the Iran war.
Three factors will determine how disruptive the new Houthi campaign will be to global oil markets and Gulf economic stability:
1. Can the Houthis threaten Yanbu itself or just the Bab el-Mandeb?
The Houthis have demonstrated that they can disrupt maritime traffic through the Bab el-Mandeb using weapons that can be either produced domestically or procured through the Houthis’ diverse supply chains. While the Houthis don’t control the coastline along the strait itself, they used a variety of small boats, drones, and missiles to attack more than a hundred commercial ships between 2023 and 2025. These attacks rendered the waters of the twenty-mile-wide strait too risky for most shippers, even those ships that the Houthis said were not targets. The Houthi campaign also proved difficult to combat: the Trump administration declared a hasty ceasefire with the Houthis following an aggressive air campaign, but the Houthis continued to sink ships in the Red Sea. The Houthis suffered significant military and economic damage from aggressive US and Israeli strikes during 2024 and 2025, but they quickly began rebuilding their arsenal.
The Houthis’ announcement today puts the oil transiting the strait—which represents about 7 percent of global supply—at risk. The Houthis have not yet clarified which ships they will target, but their intent to blockade Saudi ports implies that any ship visiting Saudi ports and carrying Saudi oil would be in the crosshairs. The oil currently transiting the strait from the north is going primarily to Asian markets. During their earlier Red Sea campaign, the Houthis cut deals with Russia and China to permit their ships to pass—but the Houthis may be less willing to cut deals with Chinese ships carrying Saudi oil. In addition, the Houthis’ targeting record during their previous Red Sea campaign also proved imprecise, with the group attacking ships that had tenuous or outdated connections to Israel.
Cutting oil flows through the Bab el-Mandeb strait would be a blow to global oil supplies, given limited alternative routes. But it would allow Saudi Arabia to continue exporting oil through Yanbu north, across the Red Sea to Egypt’s SUMED pipeline, which can carry roughly 2.5 million barrels per day to the Mediterranean. Additionally, tankers can carry roughly one million barrels via the Suez Canal. That supply is critical for global markets already suffering from a 4 million barrel per day deficit due to closure of the Strait of Hormuz, especially as global inventories, which have provided a much-needed buffer, are nearing their operational minimums. On top of this, it will threaten an important source of food and other imports for Saudi Arabia and the rest of the Gulf, as Saudi Red Sea ports have become a Gulf hub since the Iran war choked off the Hormuz.
If the Houthis target Yanbu itself, however, they could disrupt Saudi Arabia’s oil exports at the source. Prior to the United Nations–negotiated truce in April 2022, the Houthis targeted Yanbu multiple times with missiles and drones. An attack just days before the truce took effect temporarily reduced production at the Yanbu refinery. It remains unclear if the Houthis have the stockpiles of more advanced missiles and drones needed to pose a sustained risk to Yanbu, which sits roughly eight hundred miles northwest of Houthi-controlled Yemen. So far this year, the Houthis have fired a handful of missiles and drones against Israel, demonstrating that they still have some weapons that can travel over a thousand miles. But Saudi Arabia’s robust air defenses and a mixed Houthi track record with long-range strike precision mean that the group would likely need more significant stockpiles to overwhelm Saudi air defenses and hit their target.
2. Is this a Houthi negotiating tactic or a justification for war?
The Houthis have framed their campaign as a proportional measure in response to a Saudi “blockade” of Yemen. While they warned that they were readying for a return to all-out war, their leadership may instead be focused on another goal: securing further concessions from Riyadh.
Prior to the 2022 truce, the Houthis’ military campaign was focused on seizing control of all historical north Yemen, including the country’s primary oil and gas fields. But that campaign failed, due in significant part to Saudi close air support. Since 2022, the Houthis have instead sought to gain access to oil and gas revenues and formalize their control over Yemen through negotiations, including extensive backchannel talks with Riyadh. But progress towards a comprehensive agreement was derailed by the Houthis’ Red Sea campaign and the US response, which included re-designating the Houthis as a Foreign Terrorist Organization in March 2025. Still, the Houthis refrained from resuming their ground offensives inside Yemen. This restraint might be because the group assessed that it was not ready, or because it was confident that it could secure concessions via negotiations with Saudi Arabia, or both.
If the Houthis’ latest announcement is focused on extracting new concessions from Riyadh, they will seek new concessions that affirm the Houthis’ unrestrained control over northern Yemen and ease the group’s economic woes. This could include flights from Sana’a to friendly cities such as Tehran and Muscat. On the other hand, if this is not about negotiations, it may be the group’s attempt to justify a return to all-out war to a weary population. The former could preserve a relatively quick off-ramp for the blockade, while the latter would signal a longer-term conflict that would further destabilize the Gulf while it is still coping with fallout from the Iran war.
Even if the latest Houthi announcement is just a negotiating tactic, the fragile regional environment could still push Yemen into an all-out war, especially because Tehran appears intent to stoke the conflict to put additional pressure on Washington and the Gulf. It is worth noting that while Iran may be fanning the flames, the Houthis have repeatedly demonstrated a hesitancy to take orders from Tehran and are likely to prioritize domestic considerations over Iranian requests, as they have since the start of the Iran war.
3. Where do the Saudis draw the line?
Riyadh has been in a vulnerable position with the Houthis for years. The group has routinely threatened to resume missile and drone attacks against the kingdom since the 2022 truce, using the threats to extract concessions and weaken the Saudi-backed Yemen government. During the Gaza war, renewed Houthi attacks threatened to put Riyadh on what many in the country believed to be the wrong side of a war against Palestinians. At the height of the Iran war this year, Riyadh harbored concerns that renewed Houthi attacks would tax Saudi air defenses aimed at Iran and Iraq, in addition to threatening Saudi oil exports.
There are several reasons for Riyadh to resist a return to war and seek a renewed path to a negotiated settlement in Yemen. To begin with, the Gulf is still dealing with Iranian attacks and disruption to the Strait of Hormuz. Just as important, the Saudi-led coalition campaign against the Houthis between 2015 and 2022 failed to weaken the Yemeni group and triggered an international backlash against Riyadh.",https://www.atlanticcouncil.org/feed/,pending,,,,
Atlantic Council,atlanticcouncil.org,"The Gulf’s real front line in the Iran conflict runs through its water, cloud, and cables—and the links between them",2026-07-21T12:22:00+00:00,https://www.atlanticcouncil.org/blogs/menasource/the-gulfs-real-front-line-in-the-iran-conflict-runs-through-its-water-cloud-and-cables-and-the-links-between-them/,Saudi,"For half a century, anxieties around the Strait of Hormuz, the world’s most important energy chokepoint, were about whether tankers could get through. Soon after the United States and Israel began their war against Iran on February 28, that fear was realized, and shipping collapsed within days. But Iran’s closure of the strait was expected and ultimately the least imaginative thing it would do.
In fact, the instructive damage happened away from the water: A GPS spoofing campaign threw more than 1,100 vessels off their positions in a single day. Drones hit Amazon Web Services data centers in the United Arab Emirates (UAE), the first confirmed military strike on a hyperscale cloud provider, and the outage ran into banking apps and payment platforms. A wiper attack reset more than 200,000 devices at the US medical-technology firm Stryker, delaying surgeries. Iranian projectiles struck power and desalination plants in Bahrain and Kuwait, which draw about 90 percent of their water from the sea. And across the UAE, the daily volume of cyberattacks tripled to 600,000.
As one Emirati official observed, too many people “look at this conflict only through the standpoint of aircraft, fighter jets, missiles, and drones.” Indeed, the war is a stress test of the Gulf’s operating model, which is premised upon stability and prosperity in an otherwise troubled region, and the model has been pressured in places oil export volumes or missile-and-interceptor numbers cannot show. The deepest vulnerability was not in any single outage but in the way the outages traveled: the blow to the data centers landed on the banks; the threat to the strait landed on insurance premiums; the attack on potable water landed on the legitimacy of the state that promised it.
SIGN UP FOR THIS WEEK IN THE MIDEAST NEWSLETTER
The threat to the Gulf functions as more of a “kill-web” than a line or chain; a blow in any one area impacts the others by design. Because global markets price the region continuously, through war-risk insurance premiums, sovereign credit spreads, oil futures, and the confidence of the foreign capital the Gulf depends on, a single strike can become a cascade, the loss in confidence it creates outrunning the service it interrupts. Gulf countries therefore must each build resilience as a single architecture across every layer that can be weaponized, and not as a set of separate hardening projects in isolation.
Striking the bargain
In many ways, the Gulf states pose an unusually hard problem for the task of building resilience, for reasons that interlock. The specific nature of the bargain that holds these states together means that consent of the people rests overwhelmingly on the distribution of resource wealth and the delivery of services. Because rentier monarchies fund the citizen through subsidized water, power, and jobs, what an adversary seeks most to interrupt is delivery, not capacity, targeting the material basis of the ruling settlement itself. Thus, while Iran inflicted pain on Gulf leaders in the hope that they would pressure the US to deescalate, there was an added dimension to its coercion. This extended beyond counter-force targeting, aimed at military sites, or counter-value targeting, directed at cities and civilians, towards counter-legitimacy targeting, aimed at hitting and destabilizing the bargain between ruler and citizen.
At the same time, the Gulf has staked its post-oil future on a particular narrative about the region, and the story is itself an asset that can be attacked. Saudi Arabia’s Vision 2030 and its regional analogues can be damaged without contact, by making a prestigious project look uninsurable, unfundable, or merely uncertain. In addition, the Gulf Cooperation Council (GCC) is a rare set of states whose primary instrument of power is capital rather than arms. The sovereign wealth funds of the six members hold on the order of $4 trillion–$6 trillion, generating outsized global influence, but also a surface on which an adversary can potentially operate, turning the Gulf’s overseas capital into a channel for inflicting stress at home.
Furthermore, national resilience means something different where native citizens are a demographic minority and the workforce is overwhelmingly foreign. In the UAE and Qatar, foreign nationals make up roughly seven in eight residents. This demographic inversion means that adversaries can force a labor shortage by applying pressure through remittance channels, narrative operations aimed at particular expatriate communities, and a climate of fear for skilled professionals on whom diversification depends, such that they will quietly decide the place no longer feels safe and leave.
Finally, the Gulf states hedge in different directions; disagree over each other’s adventurism abroad and over relations with Turkey, Iran, and Israel; and diverge on oil policy. The resulting fractures generate a set of seams an adversary can widen. Even at this moment, a shock on the Strait of Hormuz does not fall evenly on the GCC. Saudi Arabia and the UAE operate pipelines that can move crude around the strait, while Kuwait, Qatar, and Bahrain remain effectively captive to it—an asymmetry Iran could look to drive a wedge through.
A reflexive threat
Another feature of the Gulf’s vulnerability is that the realms an adversary might seek to attack—whether energy, data, water, finance, cyber, or narrative—often behave as one system. For example, sovereign compute, the bet the Gulf has placed on its future, sits inside a closed triangle: a gigawatt-scale campus is a vast electrical load whose servers must be cooled with water, in a desert, drawn from power-hungry desalination. The region has built buffers against this, from the GCC interconnected grid to backup generation and multi-day water reserves, but those buffers are finite, run through the same coupled system, and were sized for accidents rather than sustained coercion. Because a strike on the grid is a strike on water, and a strike on water is a strike on compute, an adversary who keeps pressure on any one leg long enough to exhaust the buffers can black out a national artificial intelligence (AI) campus without touching a server.
Similarly, when Iranian drones struck two Amazon Web Services data centers in the UAE, the effects cascaded into the mobile apps of major banks including Emirates NBD and First Abu Dhabi Bank, knocked payment platforms offline, and took down the ride-hailing and delivery services that residents use every day. Incidentally, those attacks revealed that the logic of data localization, pursued across the Gulf as a route to digital sovereignty, had concentrated rather than dispersed the risk, gathering a nation’s banking, government, and consumer services into a handful of physical buildings whose destruction could jeopardize them at once.
Furthermore, the strait carries data as well as oil, and AI campuses need connectivity. In April, the Islamic Revolutionary Guard Corps–linked Tasnim agency published a detailed map of the undersea cables and cloud infrastructure threading the Gulf, which was interpreted as a warning that the region’s digital backbone now sat within Iran’s reach. However, Iran need not go so far as to sever a cable when it can hold the repair fleet hostage. On March 12, Alcatel Submarine Networks, the French state-owned firm contracted to lay Meta’s 2Africa Pearls cable, declared force majeure and suspended operations in the Gulf, stating that it could no longer work there safely. The extension, intended to connect the Gulf states, Iraq, Pakistan, and India, had most of its cable laid but not yet connected to its onshore landing stations, and it is now stalled indefinitely.
“Sovereign resilience web”
The response to all this cannot be to fix each vulnerability individually, because a list of remedies rebuilds the silos an adversary exploits.
By contrast, we propose that each Gulf state develops is own Sovereign Resilience Web, one architecture involving a common standard for technical controls, a dedicated institution, financing with a domestic mission, and shared strategic reserves. This architecture needs provenance for every data flow and model, and strict identity governance, since the Stryker attack revealed how one set of credentials can cause chaos. The Sovereign Resilience Web also requires a fusion cell that recognizes a desalination strike, a cable fault, a bank outage, and a viral fake as moves in one campaign. Gulf countries also need to set up a resilience bond that channels both sovereign wealth and aligned private capital into multi-domain resilience and ties its returns to measurable reductions in systemic exposure. And Gulf countries should start working toward a coalition response, perhaps beginning where the gains are largest and the dilution of sovereignty is less of a concern, in areas such as shared water grids, cable repair fleets, compute fail-over, and pooled war-risk cover.
However, because the Gulf is watched constantly, publicizing a new redundancy also announces the location of the weakness giving fear. Thus, Gulf countries should be cautious about advertising their sovereign resilience strategies.
The war with Iran is best read not as an episode but as a preview. Every vector touched upon here will be available again, cheaper and faster, and several threats that the war only hinted at will mature into the central problems of the next decade. Absent a comprehensive accommodation between the Gulf states and the regime in Tehran, the Gulf is likely to inhabit a gray-zone equilibrium, a steady state of intermittent spoofing, periodic cyber operations, opportunistic cable and pipeline harassment, and quasi-formalized coercion exemplified by Iran’s bid to toll the strait. The choice ahead is not between vulnerability and invulnerability, which no state on contested ground can achieve, but between a costlier version of today’s exposure and a real architecture that defends the Gulf’s infrastructure and its story together.
Alia Brahimi is a nonresident senior fellow with the Scowcroft Middle East Security Initiative and the North Africa Initiative at the Atlantic Council’s Middle East programs, and the writer and host of the Guns for Hire podcast.
John James is a nonresident senior fellow with the Scowcroft Middle East Security Initiative and a technologist, deep-tech investor, and founding partner of BOKA Capital Ltd, which holds investments across defense and national security technology.
Further reading
Wed, Jul 15, 2026
Dire straits: No way out of Hormuz
EnergySource By David L. Goldwyn, Andrea Clabough
With no sign of a lasting breakthrough in the US-Iran war, officials must plan now for an extended energy crisis.
Thu, Jul 2, 2026
A misguided war, a flawed deal, and a dangerous future. Here’s what to do next on Iran.
The Big Story By William F. Wechsler
Trump should embrace a new negotiating approach, a new emphasis on regional security and deterrence, and a new commitment to preparing for the future.
Tue, May 19, 2026
After the Iran war, the Gulf’s next economic phase awaits
MENASource By Khalid Azim
The region is no longer defined by a single economic model based on energy extraction, but by a set of diverging strategies shaped by common constraints.",https://www.atlanticcouncil.org/feed/,pending,,,,
Atlantic Council,atlanticcouncil.org,Experts react: Reading between the lines of the new US-Saudi nuclear agreement,2026-07-22T17:48:31+00:00,https://www.atlanticcouncil.org/dispatches/experts-react-reading-between-the-lines-of-the-new-us-saudi-nuclear-agreement/,Saudi | Riyadh | bin Salman,"The news has set off a reaction. On Tuesday evening, The Wall Street Journal reported that US President Donald Trump had approved a nuclear deal with Saudi Arabia. The 123 agreement—named after Section 123 of the US Atomic Energy Act—would allow the US to transfer civilian nuclear material, technology, and equipment to Saudi Arabia. While dozens of countries have 123 agreements with the United States, the new deal with Riyadh reportedly might allow for uranium enrichment in Saudi Arabia—which could be used to make nuclear weapons, raising the issue of nonproliferation. Below, Atlantic Council experts share their atomic insights.
Click to jump to an expert analysis:
Jennifer T. Gordon: A win for the United States over Russia and China
Matthew Kroenig: It would be a mistake to allow Saudi Arabia the capability for enrichment
Allison Minor: The Iran war increased the political urgency for this deal
Daniel B. Shapiro: The deal has been de-linked from Saudi normalization with Israel
A win for the United States over Russia and China
A 123 agreement between the United States and Saudi Arabia is not only a win for the US nuclear energy industry. It is also a victory for the US-led global nonproliferation regime. Saudi Arabia has made it clear that it will purchase nuclear energy technologies and begin a civil nuclear program; the only question has been whether the kingdom would choose to work with the US and its allies, or whether it would turn to Russia or China. According to reports, this agreement would preclude Saudi Arabia from sourcing nuclear energy technologies from any entities except “American companies with potentially a secondary role for some of those companies’ foreign suppliers.” US involvement ensures nonproliferation cooperation, and The Wall Street Journal’s report notes that close cooperation with the US nuclear energy industry and government would “give the U.S. influence over the Saudi nuclear program.”
The Wall Street Journal states that the agreement contains a provision that could allow for a “black box” uranium enrichment facility, which would be located in the kingdom but run by US companies. But the need for this type of facility would be determined after a two-year study conducted by the US and Saudi Arabia. Discussions between Washington and Riyadh over a 123 agreement began during the first Trump administration and continued throughout the Biden administration. The current Trump administration has demonstrated continuity by carrying the agreement forward.
—Jennifer T. Gordon is the director of the Nuclear Energy Policy Initiative and the Daniel B. Poneman chair for nuclear energy policy at the Atlantic Council’s Global Energy Center.
It would be a mistake to allow Saudi Arabia the capability for enrichment
Washington is right to strengthen its relationship with Riyadh, but it should not do so at the expense of its effective nuclear weapons nonproliferation standards.
Since the dawn of the nuclear age, scientists have understood that uranium enrichment and plutonium reprocessing are dual-use technologies. The same technology used to make fuel for nuclear reactors can make fuel for nuclear weapons. Accordingly, Washington’s strategy has been to encourage peaceful uses of nuclear technology, while restricting sensitive fuel-making technology. My first book, Exporting the Bomb: Technology Transfer and the Spread of Nuclear Weapons, examined this topic.
Washington’s policy has been successful and imposed on friends and enemies alike. The Pentagon, for example, used military force to stop Iran’s enrichment program both this year and in 2025. And, over the years, the United States has used its influence to forestall the spread of sensitive fuel-making capabilities to allies and partners, including South Korea, Taiwan, and the United Arab Emirates.
It would be a mistake, therefore, to allow enrichment in Saudi Arabia as part of any deal.
Fortunately, a Saudi enrichment program is not guaranteed. It is reported that the parties will “carry out a two-year study to examine the value of enrichment for Saudi Arabia, including whether it would be commercially viable to enrich uranium on Saudi soil instead of relying on imported fuel.”
This study should conclude that Saudi Arabia can rely on imported fuel-cycle services like the many other countries around the world with truly peaceful nuclear programs. This would be a much better outcome than exporting a bomb-making capability to an additional country in an already volatile region.
—Matthew Kroenig is a nonresident senior fellow with the Atlantic Council’s Scowcroft Center for Strategy and Security. He previously served as vice president for geostrategy and fellows and senior director of the Atlantic Council’s Scowcroft Center for Strategy and Security.
The Iran war increased the political urgency for this deal
The Iran war is reshaping the balance of power in the Middle East in ways that will only become clear months and years from now. As I argued at the outset of the war, Saudi Arabia has long sought to become the dominant power in the Middle East, and Iran has consistently posed the greatest threat to this goal. The war has emboldened Tehran and threatened the Gulf in ways that are deeply counterproductive to this goal, but Saudi Arabia is intent on leveraging this dynamic moment to assert its regional leadership. The new Saudi-US nuclear deal this week, along with renewed confrontation between Riyadh and the Houthis and the shifting Saudi–United Arab Emirates rift, are all connected to this effort. By keeping the door open for uranium enrichment inside Saudi Arabia, the nuclear deal sends a powerful message to Tehran. By securing a 123 agreement that appears to have more preferable terms than the United Arab Emirates and dozens of other US partners have committed to, Riyadh also signals its role as a major global player, even if it is not among the ranks of nuclear-armed nations.
The nuclear deal has been in the works for months, long before the Iran war, and initial negotiations on the deal began even earlier, as part of a larger package that included Israeli normalization. But it is possible that the Iran war lent greater political urgency to the negotiations, as Washington has sought to reassure a partner that is increasingly wary of US security commitments and frustrated by the lack of consultation. And we should read the announcement as part of Riyadh’s broader strategy to managing the shockwaves of the Iran war.
—Allison Minor is the director of the Project for Middle East Integration with the Atlantic Council’s Rafik Hariri Center and Middle East programs. She previously served as US deputy special envoy for Yemen and as director for Arabian Peninsula affairs at the National Security Council.
The deal has been de-linked from Saudi normalization with Israel
A civil nuclear energy cooperation agreement with the United States has been something of a Holy Grail for Saudi Arabia’s Crown Prince Mohammed bin Salman. For the United States, it had both pros and cons: a chance to ensure Saudi nuclear energy would be developed with US technology; the opportunity to impose strict safeguards to prevent nuclear enrichment to support a nuclear-weapons program; the risk of other major players in the Middle East—Egypt, Turkey, certainly Iran—feeling they must match the Saudi capabilities, setting off at least a nuclear-technology race; potential threats to the security of Israel and other US partners.
Weighing all these factors, the Biden administration set out to negotiate such an agreement, building in strict safeguards to prevent enrichment that could fuel a nuclear weapons program, consulting carefully with Israel, and embedding the agreement in a larger package including normalization with Israel, a credible pathway to a Palestinian state, and US and Saudi mutual-defense commitments. A deal was nearly finalized in mid-2024, pending an end to the war in Gaza.
Now the Trump administration has decided to proceed with such a deal. But it is not clear if it imposed the requirement for the same strict safeguards; details have yet to be revealed. What is certain is that the agreement has been de-linked from Saudi normalization with Israel, which is not ready to proceed, particularly while the current Israeli government is unwilling to engage on the question of a Palestinian state. That means the United States has played a valuable card that could have been held back to be used as an incentive for normalizing relations with Israel. Perhaps the Trump administration is using this agreement to smooth over differences with the Saudis over the war with Iran, or to secure Saudi cooperation in military operations. If so, it would be evidence that the United States is prepared to sacrifice one strategic opportunity in order to plug another strategic hole, with a possible painful opportunity cost.
—Daniel B. Shapiro is a distinguished fellow with the Atlantic Council’s Scowcroft Middle East Security Initiative. He has previously served as US deputy assistant secretary of defense for the Middle East and US ambassador to Israel.",https://www.atlanticcouncil.org/feed/,pending,,,,
Atlantic Council,atlanticcouncil.org,What to know about the new US-Saudi nuclear deal,2026-07-22T17:55:03+00:00,https://www.atlanticcouncil.org/content-series/fastthinking/what-to-know-about-the-new-us-saudi-nuclear-deal/,Saudi | Riyadh,"What to know about the new US-Saudi nuclear deal
JUST IN
It’s a bit more complicated than 1-2-3. The Trump administration has reportedly agreed to a 123 agreement with Saudi Arabia, under which the US would send nuclear technology, material, and equipment to the kingdom. In addition to advancing Saudi Arabia’s nuclear power system, the reported thirty-year deal raises the possibility of establishing uranium enrichment in the kingdom, capabilities that could one day be used to make a nuclear weapon. With so many factors in the mix, you can count on our experts to explain what this all means below.
TODAY’S EXPERT REACTION BROUGHT TO YOU BY
- Jennifer T. Gordon: Director of the Nuclear Energy Policy Initiative and the Daniel B. Poneman chair for nuclear energy policy at the Global Energy Center
- Allison Minor: Director of the Project for Middle East Integration and former director for Arabian Peninsula affairs at the US National Security Council in the first Trump administration
- Matthew Kroenig (@MatthewKroenig): Nonresident senior fellow with the Scowcroft Center for Strategy and Security and former US official in the Department of Defense and the intelligence community during the Bush, Obama, and Trump administrations
Picking the right partner
- “A 123 agreement between the United States and Saudi Arabia is not only a win for the US nuclear energy industry,” Jennifer says. “It is also a victory for the US-led global nonproliferation regime.”
- For years, as Saudi leaders have stated their intention to purchase technologies for their civil nuclear program, Jennifer explains, “the only question has been whether the kingdom would choose to work with the US and its allies, or whether it would turn to Russia or China.”
- “US involvement ensures nonproliferation cooperation,” Jennifer argues, giving the US continued influence over the Saudi nuclear program that it may not have otherwise.
Sign up to receive rapid insight in your inbox from Atlantic Council experts on global events as they unfold.
The Iran influence
- Initial negotiations over a 123 agreement with Saudi Arabia began years ago, Allison points out, “as part of a larger package that included Israeli normalization.” But the Iran war has “lent greater political urgency to the negotiations, as Washington has sought to reassure a partner that is increasingly wary of US security commitments and frustrated by the lack of consultation.”
- “Saudi Arabia has long sought to become the dominant power in the Middle East,” Allison argues. But the Iran war has “emboldened Tehran and threatened the Gulf in ways that are deeply counterproductive to this goal.”
- With this deal, Riyadh is affirming its continued ambitions to be the major regional player. As part of this, the deal “sends a powerful message” to Iran, Allison tells us, by keeping the door open for uranium enrichment inside Saudi Arabia.
Enrichment questions
- While the deal could reportedly allow for a “black box” uranium enrichment facility in the kingdom, the site would be “run by US companies,” Jennifer says, and the need for that site would only be decided after a two-year study.
- Matt voices caution here: “It would be a mistake … to allow enrichment in Saudi Arabia as part of any deal.”
- Washington’s strategy has long been to “encourage peaceful uses of nuclear technology, while restricting sensitive fuel-making technology” even to friendly nations like South Korea, Matt notes.
- While the Trump administration “is right to strengthen its relationship with Riyadh,” Matt argues, exporting enrichment capabilities runs against US nonproliferation policy that has been “imposed on friends and enemies alike.”
- The two-year study of the “black box” site, Matt advises, “should conclude that Saudi Arabia can rely on imported fuel-cycle services like the many other countries around the world with truly peaceful nuclear programs. This would be a much better outcome than exporting a bomb-making capability to an additional country in an already volatile region.”
Further reading
Mon, Jul 20, 2026
The Houthis just announced a blockade on Saudi Arabia. What does it mean for the global economy?
Dispatches By Allison Minor
Three factors will determine how disruptive the new Houthi campaign will be to global oil markets and Gulf economic stability.
Wed, Jul 15, 2026
The defining issues Lindsey Graham leaves behind
Inflection Points By Frederick Kempe
The late senator spent his final days pushing hard for Ukrainian sovereignty and Saudi-Israeli diplomatic normalization.
Mon, Jul 13, 2026
Israel’s next government must prioritize the Abraham Accords
MENASource By
The fall election could open a narrow window for Israel to reset its regional strategy and create momentum to expand normalization.",https://www.atlanticcouncil.org/feed/,pending,,,,
Atlantic Council,atlanticcouncil.org,"With a Saudi deal, the US begins ‘Plan C’ for nonproliferation in the Middle East",2026-07-23T15:40:50+00:00,https://www.atlanticcouncil.org/dispatches/with-a-saudi-deal-the-us-begins-plan-c-for-nonproliferation-in-the-middle-east/,Saudi | Riyadh,"WASHINGTON—The new agreement announced Wednesday by the United States and Saudi Arabia that will accelerate the Saudi civilian nuclear program and reportedly could open the door for domestic uranium enrichment is both a triumph for Saudi diplomacy and a signal that the US has now shifted to a “Plan C” for preventing nuclear proliferation in the Middle East.
Before examining this agreement, some history is in order. One of the most consistent and generally successful US foreign policy objectives for decades has been limiting the global proliferation of nuclear weapons, including specifically to the Middle East. In the 1950s, President Dwight Eisenhower’s Atoms for Peace program sought to promote nuclear energy while preventing nuclear weapons and led to the establishment of the International Atomic Energy Agency. Call it “Plan A” for nonproliferation. In the Middle East, Israel and Iran were among the primary beneficiaries, and the latter’s program lasted until the 1979 Iranian revolution. But the US wasn’t the only potential provider of nuclear expertise to the region.
In the 1960s, Washington learned of France’s decision to provide Israel with a nuclear reactor (a collaboration that arguably led to both countries’ nuclear weapons programs) and heard reports of West German scientists working with the United Arab Republic (as Egypt was then known). These discoveries led President John Kennedy to publicly express his “strong opposition to the introduction or manufacture of nuclear weapons in the Middle East,” while also opining that, “I can see the possibility in the 1970s … of a world in which fifteen or twenty or twenty-five nations may have these weapons.” At the time, many shared his fear.
And yet, this prediction turned out to be vastly overstated. More than eighty years after the US ushered in the nuclear age, only eight additional nations have joined the nuclear weapons club. This is a tremendous success of US policy, by any reasonable measure. In all, thirty-one countries generate electricity from nuclear power, and domestic uranium enrichment is far more limited. Today, Iran is the only country with clear nuclear weapons ambitions that also seeks to domestically enrich its own uranium.
Of the nine states understood to possess nuclear weapons, eight of them are formally acknowledged and only one—Israel—is officially ambiguous. Nevertheless, as Secretary of State Marco Rubio recently stated when asked if Israel possessed nuclear weapons: “if we’re speaking frankly, most of the world assesses that they do.” And while its neighbors went to war with Israel three times in the twenty-five years immediately after Israel’s establishment, once they assessed that Israel possessed nuclear weapons, any future large-scale conventional attacks were effectively deterred.
Kennedy’s prediction proved wrong because the US eventually adopted a “Plan B” to prevent proliferation, which required much greater direct action by the US or its partners, including especially in the Middle East. At times this has necessitated military action to halt or delay such programs, such as Israel’s 1981 strike on Saddam Hussein’s reactor in Iraq (built with help from France, Italy, and Brazil), Israel’s 2007 strike on Bashar al-Assad’s reactor in Syria (built with help from North Korea), and the US-Israel joint 2010 cyberwar and subsequent combined 2025 military strikes against Iran’s nuclear program. Ever since the US supplanted the Europeans as the primary external power in the region and adopted this “Plan B,” no additional Middle Eastern country has successfully developed nuclear weapons, despite several efforts to do so.
US diplomacy also played a critical role in “Plan B” efforts to limit nuclear proliferation in the Middle East. In 2003, in the wake of the US war that overthrew Saddam Hussein and following joint US-British covert negotiations, Libyan President Muammar Gaddafi announced that he would be abandoning his longstanding nuclear ambitions, which had been previously abetted by Pakistan. In 2009, at the very end of the George W. Bush administration, the US and the United Arab Emirates announced an unprecedented, so-called “gold standard” agreement that provided for nuclear power but completely foreswore any domestic enrichment. That agreement was signed by the Obama administration the following year with the hope that it would be a model for the region, and the resulting nuclear power plant began operations in 2020 with assistance from South Korea.
Then in 2015 President Barack Obama announced an agreement with Iran, the Joint Comprehensive Plan of Action (JCPOA), that promised to limit Tehran’s nuclear program for a decade. And finally, when the Biden administration began talking to Riyadh about a potential agreement to allow a Saudi civilian nuclear program, it made such a deal contingent on achieving other US objectives, specifically achieving what would have been a groundbreaking diplomatic normalization between Saudi Arabia and Israel.
A shift under Trump
Thus the US “Plan A” for nonproliferation in the Middle East that ran from the 1950s to the 1970s was characterized by global, multilateral approaches and was challenged by European countries driving key bilateral proliferation decisions in the region. The result was a nonproliferation failure in Israel, but one that actually served to help stabilize the region. The US “Plan B” for the region, beginning in the 1980s and lasting until recently, required Washington to take on a much greater responsibility for stopping regional nuclear weapons programs through diplomatic, covert, and military means. This prevented both regional friends and foes from becoming nuclear weapons states. During both phases, non-US companies dominated the contracts on any nuclear business in the region, including both civilian and military projects.
Notwithstanding its inherent limitations, the JCPOA attempted to address two interconnected problems simultaneously, preventing both an Iranian nuclear weapon and the resulting threat of a region-wide nuclear arms race. Its effectiveness on the first objective was subject of endless debate in Washington, but the agreement undoubtedly helped mitigate the second risk while it was in effect. When President Donald Trump withdrew from the JCPOA in 2018, the risk of a regional arms race rose significantly. Nevertheless, Trump continued to operate under the general direction of “Plan B,” seeking a “better deal” from Iran and, failing that, ordering US military strikes to degrade Iran’s nuclear program.
Unfortunately, the war that Trump began in February has thus far failed to force Iran to abandon its nuclear program. Indeed, the Memorandum of Understanding that Trump signed last month acquiesced on this point, instead affirming that “the Islamic Republic of Iran will maintain the current status quo of its nuclear program.” Thus, unless the current conflict with Iran escalates far more than it has to date, when this war is “over” Iran will be left with its nuclear weapons aspirations, expertise, and perhaps capabilities still intact, to some degree, and the threat of its ability to produce a nuclear weapon will grow over time.
Since Iran has now attacked virtually every country in the region this year, the leadership of each of its victims will logically begin to consider how they might be able to deter a future nuclear-armed Iran from expanding its military aggression. Many will likely conclude that they, like Israel before them, would benefit from a nuclear deterrent of their own.
Judging “Plan C”
By approving this deal with Saudi Arabia, Trump appears to be moving to a “Plan C.” This differs from “Plan B” in that it reportedly opens the door to eventually abandoning the previous US principle of forbidding any further domestic enrichment in the region. According to The Wall Street Journal, the deal launches “a two-year US-Saudi study to examine the value of enrichment for Saudi Arabia, including whether it would be commercially viable to enrich uranium on Saudi soil instead of relying on imported fuel.” On Thursday morning, however, Trump walked back from this by claiming that “there will be no enrichment of material.” But the devil is in the details, and the actual text hasn’t yet been released. It is also quite plausible that Trump is reflecting on the reported “black box” arrangement that is intended to preclude technology transfer but would allow US firms to enrich on Saudi territory using locally sourced uranium ore.
In any case, few will be surprised that this deadline is scheduled to arrive before the end of the second Trump term. The agreement also requires that any new power reactors and other nuclear technology would be provided by American companies, another clear divergence from “Plan B.” And finally, this deal reportedly abandoned the linkage required by the Biden administration for normalization with Israel, though Trump called that into question Thursday morning. It is unclear whether Trump’s latest statement was driven by his views on policy or by his assessment of domestic politics in the US and Israel—we will know the answer if his positions holds after the elections in both countries later this year. No matter how long it takes before this deal is finalized, it seems that the direction is clear and the outcome is highly likely: Well before the end of the Trump administration a US-Saudi nuclear agreement will be signed. That will be a triumph for Saudi diplomacy.
It is only a matter of time before other US partners in the region seek similar agreements with Washington, and some are likely to sign such accords in the years to come. Therefore, it appears that the US will now seek to achieve its nonproliferation objectives through deep political and commercial integration with partners’ nuclear programs—that will be the defining element of “Plan C.”
Only time will tell whether “Plan C” will be successful. It certainly carries with it far greater risks than the previous approaches, including the risk that partners may deceive the United States about their true aspirations for nuclear weapons, as Israel did to Kennedy, or that a current nuclear partner may eventually become an adversary, as happened after the Iranian revolution.",https://www.atlanticcouncil.org/feed/,pending,,,,
Atlantic Council,atlanticcouncil.org,Beyond the chip: How the US can shape global standards for AI in energy,2026-07-23T19:40:39+00:00,https://www.atlanticcouncil.org/blogs/energysource/beyond-the-chip-how-the-us-can-shape-global-standards-for-ai-in-energy/,Saudi | Aramco,"The deployment race for industrial artificial intelligence (AI) in the energy sector is on, and the United States has roughly twenty-four months to set the standards that will create technological and commercial dependencies for the next decade or longer.
AI architectural decisions are already yielding real world results, according to energy companies.* In Saudi Arabia’s Khurais oil field, artificial intelligence is processing data from more than 40,000 sensors in real time and adjusting production without a human in the loop. The same architecture is running on Shell’s deepwater platforms, at SLB’s autonomous drilling operations offshore from Brazil, and across ADNOC’s refineries in Abu Dhabi.
This architecture lives in the interfaces that connect the layers of AI—and whoever defines how those three layers talk to each other will set the standard that many in the global energy industry will follow.
From isolated tasks to integrated systems
What separates the operators capturing this value from the rest is not more AI pilots. For a decade, companies have run AI as a catalog of dozens of discrete “use cases.” The approach felt rigorous but has become the industry’s largest source of stranded AI capital: a 2025 study of enterprise AI found that 95 percent of pilots deliver no measurable return, diagnosing the failure as one of workflow integration, not technology. Leaders do the opposite: they reinvent entire workflows as integrated systems, from the drilling decision loop, to pipeline integrity, to grid dispatch. The unit of transformation is the workflow, not the task.
That architecture integrates three layers of AI: generative, which reads incoming data; agentic, which takes a situational picture and decides what to do; and edge, which executes the decision at the wellhead, the substation, and the compressor station. The architecture that integrates these three layers will determine who leads in AI, and it has not yet entered the policy framework in Washington.
Policy must pivot accordingly
Currently, the AI policy debate in the United States is almost entirely about chips: export controls on advanced semiconductors to China, domestic fabrication subsidies, and data center buildout. While important, chip-focused policy is not what will determine who wins the race for AI dominance across the energy sector. As an analogy, this would be like the auto industry focusing just on engines when industry leadership is determined by system-wide thinking about how all of a vehicle’s components work together as a cohesive whole.
Similarly, to ensure AI leadership, US policymakers need to focus on the architecture that runs on top of the chips. The good news is that the United States has the tools to set the standards for this approach. It is not yet using them, but that can change if key mechanisms are reoriented to do so.
A technical primer: From Cloud 1.0 to Cloud 3.0
In the early days, industry ran its computing on its own servers, then increasingly on rented capacity in the data centers operated by providers like Amazon, Microsoft, and Google. This shift changed what energy companies could do with their data. The first wave—call it Cloud 1.0—was infrastructure migration. This was mostly back-office workloads moving to hyperscale cloud capacity. The second wave, Cloud 2.0, added an analytics layer that produced useful insight, but the insight stayed in the office.
Cloud 3.0 is categorically different from the earlier waves. It deploys AI to allow models to act. This action enables decision-making at the asset itself: a wellhead that adjusts its own production settings the moment sensor data shifts, or a pipeline compressor that detects an anomaly and throttles down before a human operator has even seen the alert.
This operational edge is where the competitive advantage resides. Run the three layers separately, in three different vendor stacks, and the loop never closes. Integrate them into a single architecture, and the asset begins running itself within the envelope the operator defines.
For operators already deploying this approach, its significance is clear. Saudi Aramco’s Khurais field has reported a 15 percent production increase through AI-enabled optimization across its sensor network. SLB’s autonomous drilling deployments, with Equinor* offshore Brazil have increased drilling speed by 60 percent on targeted well programs. Shell runs production-surveillance edge AI on-premise across its deepwater footprint. ADNOC’s downstream program with Honeywell anchors the refining application.
Four levers for US policy
The global leader in AI deployment will be whoever integrates the AI layers at scale, not whoever invents the protocols that connect them. The procurement cycles closing in the next twenty-four months are setting the pace of that integration, and what every subsequent operator, vendor, and regulator inherits.
A useful analogy is the standard that has been set for the USB-C connector, the plug that has become the universal device for transmitting data, video, and power. Regardless of who makes it, the value of the USB-C connector is in its status as the standard. The same dynamic is playing out across industrial AI. The leader will be whoever drives the adoption and integration of these protocols across the industry.
A shift in US policy can better position Washington to set the standards for industrial AI across the energy sector. It must start with the recognition that a new ecosystem of energy-transition startups, grid capacity projects, and autonomous drilling platforms is forming around Cloud 3.0, and that this ecosystem is fundamentally changing how the energy industry is incorporating AI. Rather than using AI to focus on individual tasks, operators are leveraging the technology to reinvent horizontal workflows, including the drilling decision loop, the integrity-management cycle, and dispatch and balancing. This transformation requires new operating models for decision making and the policy environment to accelerate their deployment.
The interfaces that connect the AI layers already exist. Open protocols such as the Model Context Protocol, now adopted across the major AI providers, define how AI systems exchange data and instructions. This is the USB-C lesson: the value was never in inventing the plug; it was in everyone adopting it. What is missing is not the protocol but the integration: the operating models inside energy companies, and the ecosystem of service providers, systems integrators, and equipment manufacturers that assemble the layers into working systems. Policy cannot legislate that integration, but it can accelerate it, and it can stop rewarding the use-case portfolio that current frameworks incentivize. Four levers can do this work, each through existing executive-branch authority, with no new legislation.
Federal procurement on the FedRAMP model.
In 2011, the Office of Management and Budget created the Federal Risk and Authorization Management Program (FedRAMP) to set the standards that a cloud provider had to meet before any government agency could buy from it. Within a decade, it reshaped how every major provider built its security architecture. The same mechanism can accelerate integration today: requiring that AI systems purchased for federal energy infrastructure run on open, published interfaces and demonstrate integrated operation across the generative, agentic, and edge layers. Federal purchasing would then reward proven integration rather than another pilot.
Certification frameworks through the National Institute of Standards and Technology (NIST) and federal energy regulators.
Today, every utility, pipeline company, and grid operator must convince its regulator that its AI system is safe and reliable under a wide variety of regulatory frameworks, which is slowing deployment of AI systems. A uniform certification framework would reduce unnecessary regulatory burdens by setting a common national standard for energy operators to meet and against which regulators can benchmark. The building blocks to achieve this uniform framework already exist. NIST’s AI Risk Management Framework, a voluntary guidance for managing risks across the AI lifecycle that can be applied to any industry, can be formally adopted to certify integrated industrial systems, including the safe handoff of decisions between the AI layers. The Federal Energy Regulatory Commission and North American Electric Reliability Corporation, which set reliability standards for the power grid, can do the same for AI-enabled grid assets, and the Department of Energy (DOE) can lead for energy facilities. Certifying the integrated system, and the integrators who assemble it, means a system certified once can be trusted everywhere.
Capital conditioning through the DOE Loan Programs Office (LPO) and tax-credit guidance.
Today, federal capital flows into energy projects with no regard for the AI architecture those projects are built on. Conditioning would fix that. The LPO, using existing authority, can require that AI-enabled projects it backs meet specific architectural conditions: interoperable interfaces between the AI layers, inference that can move between vendors, and data the operator owns and can take with it, and that they demonstrate workflow-level integration in the project design rather than a catalog of pilots. Section 45 tax-credit guidance can attach the same conditions to the projects that claim it.
US-led international standards leadership.
The certification that a vendor is required to pass today will determine what every competitor must match by 2050. The question is whose certification that will be. Europe largely regulates AI that it does not build. China builds AI that Western regulators will not certify. The de facto interfaces of industrial AI are already American, as the cloud standards were before them, and the deployments that would anchor the American case are already running in Saudi Arabia, Abu Dhabi, and offshore Brazil. The task is to carry these de facto standards into the international bodies and bilateral frameworks before others codify alternatives. Only the United States can anchor an international standard in demonstrated industrial performance.
US policy is not wrong to focus on chips. But the integrated-stack standard for industrial AI is not determined by who has the fastest chip. It is determined by federal procurement requirements, the certification frameworks that define what a compliant industrial AI system looks like, the capital conditions attached to federal energy loans and tax incentives, and the standards bodies where the long-cycle norms get set.
In the next twenty-four months, operator capital budgets, vendor contract renewals, and the first regulatory frameworks will lock in. Within this period, the United States has the opportunity to pull existing levers to shape global standards for industrial AI that will cascade throughout the energy sector. What is needed is the policy focus above the silicon layer, where industrial AI is actually decided.
Arno van den Haak spent more than two decades at Royal Dutch Shell in senior engineering and commercial roles across global upstream operations and is the former head of global business development for energy at Amazon Web Services.
*Aramco, Shell, and Equinor are partners of the Global Energy Center.
Stay connected
Sign up for PowerPlay, the Atlantic Council’s bimonthly newsletter keeping you up to date on all facets of the energy transition
related work
our work
The Global Energy Center develops and promotes pragmatic and nonpartisan policy solutions designed to advance global energy security, drive economic opportunity, and foster a sustainable energy future.",https://www.atlanticcouncil.org/feed/,pending,,,,
Cfr,cfr.org,The U.S.-Saudi Nuclear Deal Set Off Tremors. Is It Still Alive? - Council on Foreign Relations,2026-07-23T20:54:50+00:00,https://news.google.com/rss/articles/CBMikwFBVV95cUxQQmlNcUc4RzQ2dDhFWk5oOHdHU2hpdW1PWkxsTS0tYUdHcjg5MkN6REwwQWhQblJrWFllM185c3MzYXBYeXZwSjNkckVGOGhSOG9qanJwTi1HVTlaeXotNHdFd2s3UTB5QnQ4YVRSYzhoNmliT0N6VFYtdXpEV1RndTAtMld6TUhQZ0EtY0JyVUN6WVE?oc=5,Saudi,The U.S.-Saudi Nuclear Deal Set Off Tremors. Is It Still Alive? Council on Foreign Relations,https://news.google.com/rss/search?q=site:cfr.org&hl=en&gl=US&ceid=US:en,discovery_partial,,,,
Carnegieendowment,carnegieendowment.org,What We Know About the U.S.-Saudi Nuclear Deal - Carnegie Endowment for International Peace,2026-07-23T21:29:10+00:00,https://news.google.com/rss/articles/CBMinwFBVV95cUxOM1JQRWFldERkd085dWhNQlB4SDNNRUNfWVhnS19GRkd4UWIzVHpuajZxd1NQTnBkTEFvMHd4RFVZMVpOVEhDSDA3VU80OUJhbVN4TFpOaHZjQWR5cjJmZ3poNzN5dmtnTE5zQ1A2MkhESUNYUVlhZ012RzNLLWlxbXNmV3Nob0JkYV9PTDFsUXIyLVdvNnM5aFk3eHBFNlE?oc=5,Saudi,What We Know About the U.S.-Saudi Nuclear Deal Carnegie Endowment for International Peace,https://news.google.com/rss/search?q=site:carnegieendowment.org&hl=en&gl=US&ceid=US:en,discovery_partial,,,,
Iai,iai.it,The Perils of the US-Saudi Nuclear Deal - iai.it,2026-07-24T12:00:00+00:00,https://news.google.com/rss/articles/CBMid0FVX3lxTE9ZWWJGWktzaUxBNkNpNkFvcGJOcDdsNXpONGZpWElvRVpmNldhUlV0THQ1aFA2US1kZmVrWEZjN3lUZUd2MUFFUTdwQ1dEZi1NRDRmc2JpM2VWaWxseTN2aUlnM3hTSzRKQjJYRWhlSVRYdkx3OGNr?oc=5,Saudi,The Perils of the US-Saudi Nuclear Deal iai.it,https://news.google.com/rss/search?q=site:iai.it,discovery_partial,,,,
The Jamestown Foundation,jamestown.org,Continuity in Energy Strategy Amid U.S.–Iran War - Jamestown,2026-07-24T16:16:55+00:00,https://jamestown.org/continuity-in-energy-strategy-amid-u-s-iran-war/,Saudi,"Continuity in Energy Strategy Amid U.S.–Iran War
Executive Summary:
- Energy diversification, stockpiling, and electrification cushioned the People’s Republic of China (PRC) from the 2026 Strait of Hormuz closure. Official and unofficial commentary treats this resilience as vindication of the energy security strategy pursued since the 14th Five-Year Plan (2021–2025).
- Released soon after the June ceasefire, the “15th Five-Year Plan for the Construction of a New-Type Energy System” doubles down on the same three levers—import diversification fossil-fuel reserves, and non-fossil fuel capacity—with concrete commitments to expand overland pipeline capacity, stockpiles, and electrification.
- Beijing’s reliance on stable energy flows from the Middle East, including Iran’s Arab neighbors, will endure for the near term. This helps explain the PRC’s limited support for Tehran during the war, a posture unchanged by the U.S.–Iran ceasefire’s collapse in early July.
On June 26, the State Council Information Office unveiled the energy component of the 15th Five-Year Plan. In many respects, it signaled continuity from the previous plan, despite its arrival amid “drastic fluctuations” (剧烈波动) in global energy markets following the outbreak of war between the United States and Iran in late February. As officials made clear, however, the ability of the People’s Republic of China (PRC) to weather those fluctuations was largely down to the previous plan’s focus on stockpiling, import diversification, and electrification (China News, June 26).
PRC officials and commentators have treated the war as a vindication rather than a warning. This verdict has remained unchanged following the war’s recent reignition in July. The PRC nevertheless remains substantially dependent on stable energy flows from the region, a fact reflected in Beijing’s continued, cautious diplomacy that seeks balance between Iran and the Gulf Arab states.
The 14th Five-Year Plan Holds Under Fire
Recent commentary from Party-affiliated media and academic researchers has characterized PRC readiness for the energy crisis resulting from the closure of the Strait of Hormuz as both impressive and incomplete. April coverage from China Energy News (overseen by the People’s Daily Press) is representative. It called the closure a “pressure test” (压力测试) for the PRC’s energy supply system and quoted an expert from the China International Carbon Neutrality Economic Research Institute as saying the system was under “short-term pressure, but manageable in the long term” (短期承压长期可控) (China Energy News, April 6). The PRC’s system has in fact held up. Following the Strait’s closure in March, the PRC drew down oil from prewar stockpiles that were more than twice the combined size of U.S. and Japanese stockpiles. It also further cut import demand by idling petroleum feedstock plants (U.S. Energy Information Administration, April 20). By June, analysts credited the country’s cut in crude imports and reduced refining activity as critical to offsetting the global supply shock, on par with Saudi rerouting and coordinated Western strategic reserve releases (CNBC, June 8). [1]
Electrification has supplied additional flexibility. According to the PRC’s National Energy Administration (NEA) and Ministry of Transport, over the May Labor Day holiday, electric rail passenger traffic rose by over four percent year-on-year; the share of electric vehicles (EVs) on the road was up a third from a year earlier; and EV charging volume was up by more than 50 percent (Ministry of Transport, April 28; Xinhua, May 7). Meanwhile, coal-fired generation rose by more than three percent year-on-year in May, providing an additional buffer (Centre for Research on Energy and Clean Air, June 18). NEA General Office Deputy Director Zhang Xing (张星) noted in an April press conference that Chinese coal spot prices increased by just 3.9 percent in the month after the start of the war—more than 10 percentage points less than global spot prices. This achievement underscores the “backstop role” (兜底保障作用) of domestically produced coal in the PRC’s energy mix (NEA, April 27).
Officials have credited the 14th Five-Year Plan’s energy strategy for this outcome. Three weeks into the Strait’s closure, Lin Boqiang (林伯强), a member of the National Development and Reform Commission’s (NDRC) Energy Price Consultation Committee, wrote that the crisis had demonstrated the energy strategy’s “foresight, stability, and resilience” (前瞻性、稳定性与抗风险能力) (Global Times, March 18). In April, the NEA’s Zhang Xing similarly credited the strategy with “ensuring the security of [energy] supply under various circumstances” (确保各种情形下的安全保供能力) (NEA, April 27).
The motivation for Beijing’s strategy emerged more than two decades ago. At the time, officials worried about the country’s hypothesized vulnerability to a U.S. blockade in the Strait of Malacca and other forms of energy disruption. These concerns were manifest in the 14th Five-Year Plan and its subsidiary “Plan for a Modern Energy System” (“十四五”现代能源体系规划), which included the goals of building the domestic portion of the PRC–Russia gas pipeline, constructing major oil reserve projects, and installing more ultra-high-voltage transmission capacity (China Brief, April 12, 2006, May 11; NDRC, March 2021, January 29, 2022). President Xi Jinping has underscored these goals on inspection tours, stating on one occasion that the PRC “must hold its energy bowl firmly in its own hands in order to develop the real economy” (要发展实体经济，能源的饭碗必须端在自己手里).
Since the war’s outbreak, Chinese commentaries have celebrated the PRC’s preparations for energy shocks (China Brief, March 31). This is not to say, however, that every aspect of the Iran war has been welcomed by PRC leadership. Beijing was likely not thrilled when Washington lifted longtime sanctions on Iran’s oil program, which allowed Tehran to market to more buyers instead of selling only to Chinese refiners at a steep discount (NYT, June 17). Iranian attacks on infrastructure in Saudi Arabia and the United Arab Emirates (UAE) will also hurt growth in major recipients of Chinese investment. And the Strait of Hormuz’s closure will cast a long shadow on the PRC’s economy, which took a hit from the closure of petroleum feedstock manufacturers and now faces overseas importers rocked by depressed demand (Center for Strategic and International Studies [CSIS], April 30). The consensus, however, is that pre-war policies of stockpiling, resource diversification, and electrification have paid off.
The 15th Five-Year Plan Doubles Down
The clearest signal of how Beijing has metabolized the war arrived after the June 17 ceasefire. On June 26, the State Council Information Office held a press conference on its newly issued energy plan, the “15th Five-Year Plan for the Construction of a New-Type Energy System” (新型能源体系建设“十五五”规划) (NDRC, June 25). NEA Director Wang Hongzhi (王宏志) told reporters that “international geopolitical conflicts continue to disrupt the oil and gas chain” (国际地缘冲突持续扰动油气供应链) and that the plan responds in three ways: by developing and storing fossil fuels, substantially increasing non-fossil supply, and strengthening the network of “energy cooperation partners” (能源合作朋友) (People’s Daily, June 27).
The plan starts with a summary main objective: to establish by 2030 a “clean, low-carbon, safe, and efficient new-type energy system” (建成清洁低碳安全高效的新型能源体系). This is followed by four primary quantifiable goals: raising total annual energy production to 5.8 billion tons of standard coal equivalent (tce); raising the share of non-fossil fuels in energy consumption to 25 percent; raising the share of wind and solar power in installed generation capacity to 50 percent; and raising the share of non-fossil fuel energy in power generation to 50 percent. The first and second of these goals are “binding” (约束性), while the goal pertaining to wind and solar capacity finds a proxy in the binding goal of reducing carbon intensity. The final goal is labeled as only “indicative” or “anticipated” (预期性) (NDRC, June 25).
Increasing domestic energy production while accelerating the shift toward non-fossil fuels remains essential for the PRC’s energy security goals because of the persistent gap between PRC energy demand and domestic energy supply. [2] Guidance for oil and liquefied natural gas (LNG) centers around the mandate to “stabilize oil, grow gas” (稳油增气). This is reflected in the new plan, which leaves its predecessor’s crude oil output goal unchanged. LNG’s supporting role in reducing carbon intensity and the difficulty of extracting ever more crude oil from mature or hard-to-access domestic sources explain the continued prominence of this mandate (Reuters, May 19; NDRC, June 25; WeChat/NEA, July 21).
Beyond production, it is notable that the 14th Five-Year Plan’s flexible-capacity target, which was set at 24 percent of generation capacity by 2025, was conspicuously absent from official August 2025 and June 2026 retrospectives. Those retrospectives instead reported that national energy production in 2025 (5.1 billion tce) overshot the official goal (4.6 billion tce), as did reported shares of both renewable energy power capacity (60 percent, versus a goal of 39 percent) and energy consumption from non-fossil fuels. Crude oil output hit a record high and both natural gas output and energy intensity reduction in 2025 exceeded official goals as well (NDRC, January 29, 2022; NEA, August 26, 2025; NBS, June 5).
Officials subtly acknowledged the challenge of “higher requirements for … safe and stable operation and flexible adjustment capabilities” (安全稳定运行和灵活调节能力提出更高要求) given rapid buildout of renewable energy capacity (NBS, June 5). This challenge is evident in growing national curtailment rates (the proportion of produced power not utilized) for both wind and solar power, demonstrating the PRC’s growing need for power absorption solutions amidst massive electrification gains (International Energy Agency, October 7, 2025; Global Carbon Zero, April 10). [3]
The latest plan stays broadly within the bounds the overarching energy strategy articulated by President Xi over a decade ago. In a speech outlining the “Four Revolutions and One Cooperation” (四个革命、一个合作), he sought to make energy consumption more efficient, increase domestic energy supply, and enhance international cooperation to ensure resilience (National People’s Congress, June 13, 2014). Like the previous plan, the new strategy still envisions non-fossil fuels comprising at least a quarter of energy consumption by 2030 (NDRC, January 29, 2022, June 25). Continuity is even clearer in the context of longer-term national energy goals, including the new plan’s aim for the PRC to double the 2025 non-fossil fuel share of energy supply by 2035, which is the deadline for “basically achieving socialist modernization” (基本实现社会主义现代化) (NDRC, March 23, 2021, April 17; People’s Daily, June 26).
The current crisis has revealed gaps in the PRC’s energy strategy that some argue require a wholesale reorientation, especially given Asian reliance on Qatar for LNG. There is no evidence, however, that Beijing has decided to revise the energy policy guidance it finalized before the closure of the Strait of Hormuz. One official at the China National Petroleum Corporation, for instance, recently stated that oil and natural gas will serve as a “ballast” (压舱石) and “stabilizer” (稳压器) during the transition to greater renewable energy use (The Paper, June 28). Existing initiatives to increase overland gas capacity and diversify sources of oil (including coal-to-oil production) remain top priorities in the plan, which sets the goal of 500 billion cubic meters in primary LNG pipeline transmission capacity (the PRC just having surpassed 400 billion cubic meters last June) and commits to expanding coastal LNG terminals and underground gas storage clusters (NEA, August 29, 2025; NDRC, June 25).
Beijing Balances Diplomatic Ties and Energy Security
The PRC’s interest in backing Tehran is tempered by Beijing’s energy and financial interests in the Gulf Arab states. PRC reluctance to extend substantial material aid or unqualified rhetorical support to Iran during the closure of the Strait is a reminder of this constraint, which is likely to endure beyond the current conflict given continued reliance on imported oil and LNG under the 15th Five-Year Plan.
Competing mandates to back Iran against the United States and Israel yet also to avoid the appearance of endorsing Tehran’s retaliatory actions across the region are clear in official statements (Financial Times [FT], June 15). In an April 15 call with Iranian Foreign Minister Abbas Araghchi, PRC Foreign Minister Wang Yi (王毅) called for respecting Iran’s sovereignty and security, then balanced this support with a thinly veiled swipe at Iran’s blockade (PRC Ministry of Foreign Affairs [MFA], April 15). This same stance has held through the ceasefire’s collapse. At a July 8 press conference, an MFA spokesperson stated that renewed conflict “does not serve any party’s interests” and that Washington and Tehran should implement the memorandum of understanding signed in June (MFA, July 8). A week later, an MFA spokesman reiterated this neutral stance, adding that “all relevant parties should meet each other halfway” (相关各方应相向而行) (MFA, July 14).
Positioning between Iran and the Gulf Arab states reflects the PRC’s desire to guard its economic interests in the Gulf and to see traffic in the Strait return to pre-war levels, while simultaneously maintaining political backing for Iran. In 2025, PRC two-way trade with Iran was less than 40 percent of that with Saudi Arabia or the UAE; and from 2013–2025, PRC entities’ investment in the UAE was triple that in Iran and five times that in Saudi Arabia. Beijing’s 2021 pledge in 2021 to invest $400 billion in Iran over 25 years, by contrast, is less certain today, given limited prospects in the highly sanctioned economy compared to its far more diversified neighbors (CSIS, April 30).
Beijing’s arms-length treatment of Iran is therefore likely to persist. Without it, Beijing risks an overconfident Tehran taking a more uncompromising stance in negotiations with Washington, which have gained more urgency after the ceasefire’s breakdown (Washington Post, July 9). This is also underscored by a near-total lack of mention in recent MFA statements of Lebanon—the issue cited by Tehran in its threats to re-close the Strait—and the reiteration of the PRC–Saudi comprehensive strategic partnership in a June meeting between the two countries’ foreign ministers (BBC, June 20; MFA, June 30). Most pointedly, Wang Yi has not called or met with his Iranian counterpart since June 22.
Conclusion
The PRC’s response to the U.S.-Iran war has been defined less by adaptation than by confirmation when it comes to energy security. Stockpiling, import diversification, and electrification lessened the initial shock of the Strait’s closure, which PRC officials have consistently credited that performance to a strategy set in motion with the 14th Five-Year Plan.
The 15th Five-Year Plan’s new energy blueprint, unveiled shortly after the war paused in June, extends core elements of this strategy. Beijing’s relatively evenhanded diplomacy toward Iran and the Gulf Arab states has proven equally durable. Party officials may yet signal adjustments to energy policy at the annual National Energy Work Conference in December, but the events of the war’s first four months suggest continuity is the more likely path.
Notes
[1] Energy analysis firm FGE NexantECA estimated that the PRC’s crude imports in the second quarter of 2026 were down year-on-year by the equivalent of over a quarter of daily consumption in the month preceding the war. Analysts estimate that some of the demand loss will not return, accelerating the nation’s transition to greater electrification (Bloomberg, June 22).
[2] This gap disproportionately comprises crude oil and liquid natural gas (LNG), which together account for about three-quarters of the PRC’s net energy import volume despite only comprising around one quarter of its energy consumption (National Bureau of Statistics [NBS], 2025; NBS, June 5).
[3] Curtailment rates for wind and solar climbed from 5.7 and 5.4 percent, respectively, in December 2025 to 8.5 and 9.2 percent, respectively, in February 2026. Curtailment rates also increased by about 1.5 percentage points annually from 2023 to 2025.",https://jamestown.org/feed/,pending,,,,
